Total Score,N,AREAACRES,AREASQKM,STATES,HUC12,NAME,Sub-watershed,Date_x,Watershed,Year_x,Month_x,Station,Date_y,TSS,DO,P,ENT,Sal,Temp,pH,CHL_A,Year_y,Month_y
71.66,4.43,13414,54.28458004,DE,020402070604,Canary Creek-Broadkill River,canary creek-broadkill river,7/28/2010,Broadkill,2010,07,Broadkill River,12/11/2023 9:18,3.5,10.92,0.03,145,0.14,8.9,6.9,3.56,2023,12
85.55,4.43,13414,54.28458004,DE,020402070604,Canary Creek-Broadkill River,canary creek-broadkill river,7/28/2010,Broadkill,2010,07,Broadkill River,12/11/2023 9:18,3.5,10.92,0.03,145,0.14,8.9,6.9,3.56,2023,12
81.66,4.43,13414,54.28458004,DE,020402070604,Canary Creek-Broadkill River,canary creek-broadkill river,7/23/2010,Broadkill,2010,07,Broadkill River,12/11/2023 9:18,3.5,10.92,0.03,145,0.14,8.9,6.9,3.56,2023,12
79.99,4.43,13414,54.28458004,DE,020402070604,Canary Creek-Broadkill River,canary creek-broadkill river,7/26/2010,Broadkill,2010,07,Broadkill River,12/11/2023 9:18,3.5,10.92,0.03,145,0.14,8.9,6.9,3.56,2023,12
65.5,4.43,13414,54.28458004,DE,020402070604,Canary Creek-Broadkill River,canary creek-broadkill river,7/29/2010,Broadkill,2010,07,Broadkill River,12/11/2023 9:18,3.5,10.92,0.03,145,0.14,8.9,6.9,3.56,2023,12
73.32,4.43,13414,54.28458004,DE,020402070604,Canary Creek-Broadkill River,canary creek-broadkill river,7/19/2010,Broadkill,2010,07,Broadkill River,12/11/2023 9:18,3.5,10.92,0.03,145,0.14,8.9,6.9,3.56,2023,12
80.55,4.43,13414,54.28458004,DE,020402070604,Canary Creek-Broadkill River,canary creek-broadkill river,7/27/2010,Broadkill,2010,07,Broadkill River,12/11/2023 9:18,3.5,10.92,0.03,145,0.14,8.9,6.9,3.56,2023,12
78.88,4.43,13414,54.28458004,DE,020402070604,Canary Creek-Broadkill River,canary creek-broadkill river,7/23/2010,Broadkill,2010,07,Broadkill River,12/11/2023 9:18,3.5,10.92,0.03,145,0.14,8.9,6.9,3.56,2023,12
76.1,4.43,13414,54.28458004,DE,020402070604,Canary Creek-Broadkill River,canary creek-broadkill river,7/27/2010,Broadkill,2010,07,Broadkill River,12/11/2023 9:18,3.5,10.92,0.03,145,0.14,8.9,6.9,3.56,2023,12
78.33,4.43,13414,54.28458004,DE,020402070604,Canary Creek-Broadkill River,canary creek-broadkill river,8/9/2010,Broadkill,2010,08,Broadkill River,12/11/2023 9:18,3.5,10.92,0.03,145,0.14,8.9,6.9,3.56,2023,12
86.66,4.43,13414,54.28458004,DE,020402070604,Canary Creek-Broadkill River,canary creek-broadkill river,8/9/2010,Broadkill,2010,08,Broadkill River,12/11/2023 9:18,3.5,10.92,0.03,145,0.14,8.9,6.9,3.56,2023,12
70.56,4.43,13414,54.28458004,DE,020402070604,Canary Creek-Broadkill River,canary creek-broadkill river,8/2/2010,Broadkill,2010,08,Broadkill River,12/11/2023 9:18,3.5,10.92,0.03,145,0.14,8.9,6.9,3.56,2023,12
77.77,4.43,13414,54.28458004,DE,020402070604,Canary Creek-Broadkill River,canary creek-broadkill river,8/5/2010,Broadkill,2010,08,Broadkill River,12/11/2023 9:18,3.5,10.92,0.03,145,0.14,8.9,6.9,3.56,2023,12
92,1.77,23298,94.28374428,DE,020600050201,Cow Marsh Creek,cow marsh creek,6/13/2018,Upper Choptank River,2018,06,Cow Marsh Creek,1/30/2024 9:15,5.3,10.39,0.1,107,0.05,8.3,5.6,1.57,2024,1
82,1.77,23298,94.28374428,DE,020600050201,Cow Marsh Creek,cow marsh creek,6/13/2018,Upper Choptank River,2018,06,Cow Marsh Creek,1/30/2024 9:15,5.3,10.39,0.1,107,0.05,8.3,5.6,1.57,2024,1
85,1.77,23298,94.28374428,DE,020600050201,Cow Marsh Creek,cow marsh creek,6/13/2018,Upper Choptank River,2018,06,Cow Marsh Creek,1/30/2024 9:15,5.3,10.39,0.1,107,0.05,8.3,5.6,1.57,2024,1
77,1.77,23298,94.28374428,DE,020600050201,Cow Marsh Creek,cow marsh creek,6/18/2018,Upper Choptank River,2018,06,Cow Marsh Creek,1/30/2024 9:15,5.3,10.39,0.1,107,0.05,8.3,5.6,1.57,2024,1
86,1.77,23298,94.28374428,DE,020600050201,Cow Marsh Creek,cow marsh creek,6/29/2018,Upper Choptank River,2018,06,Cow Marsh Creek,1/30/2024 9:15,5.3,10.39,0.1,107,0.05,8.3,5.6,1.57,2024,1
69,1.77,23298,94.28374428,DE,020600050201,Cow Marsh Creek,cow marsh creek,6/18/2018,Upper Choptank River,2018,06,Cow Marsh Creek,1/30/2024 9:15,5.3,10.39,0.1,107,0.05,8.3,5.6,1.57,2024,1
89,1.77,23298,94.28374428,DE,020600050201,Cow Marsh Creek,cow marsh creek,6/20/2018,Upper Choptank River,2018,06,Cow Marsh Creek,1/30/2024 9:15,5.3,10.39,0.1,107,0.05,8.3,5.6,1.57,2024,1
85,1.77,23298,94.28374428,DE,020600050201,Cow Marsh Creek,cow marsh creek,6/14/2018,Upper Choptank River,2018,06,Cow Marsh Creek,1/30/2024 9:15,5.3,10.39,0.1,107,0.05,8.3,5.6,1.57,2024,1
39,1.77,23298,94.28374428,DE,020600050201,Cow Marsh Creek,cow marsh creek,6/29/2018,Upper Choptank River,2018,06,Cow Marsh Creek,1/30/2024 9:15,5.3,10.39,0.1,107,0.05,8.3,5.6,1.57,2024,1
92,1.77,23298,94.28374428,DE,020600050201,Cow Marsh Creek,cow marsh creek,6/20/2018,Upper Choptank River,2018,06,Cow Marsh Creek,1/30/2024 9:15,5.3,10.39,0.1,107,0.05,8.3,5.6,1.57,2024,1
92,1.77,23298,94.28374428,DE,020600050201,Cow Marsh Creek,cow marsh creek,6/14/2018,Upper Choptank River,2018,06,Cow Marsh Creek,1/30/2024 9:15,5.3,10.39,0.1,107,0.05,8.3,5.6,1.57,2024,1
69,1.77,23298,94.28374428,DE,020600050201,Cow Marsh Creek,cow marsh creek,6/18/2018,Upper Choptank River,2018,06,Cow Marsh Creek,1/30/2024 9:15,5.3,10.39,0.1,107,0.05,8.3,5.6,1.57,2024,1
86,1.77,23298,94.28374428,DE,020600050201,Cow Marsh Creek,cow marsh creek,6/29/2018,Upper Choptank River,2018,06,Cow Marsh Creek,1/30/2024 9:15,5.3,10.39,0.1,107,0.05,8.3,5.6,1.57,2024,1
57,1.77,23298,94.28374428,DE,020600050201,Cow Marsh Creek,cow marsh creek,7/9/2018,Upper Choptank River,2018,07,Cow Marsh Creek,1/30/2024 9:15,5.3,10.39,0.1,107,0.05,8.3,5.6,1.57,2024,1
64,1.77,23298,94.28374428,DE,020600050201,Cow Marsh Creek,cow marsh creek,7/11/2018,Upper Choptank River,2018,07,Cow Marsh Creek,1/30/2024 9:15,5.3,10.39,0.1,107,0.05,8.3,5.6,1.57,2024,1
89,1.77,23298,94.28374428,DE,020600050201,Cow Marsh Creek,cow marsh creek,7/9/2018,Upper Choptank River,2018,07,Cow Marsh Creek,1/30/2024 9:15,5.3,10.39,0.1,107,0.05,8.3,5.6,1.57,2024,1
76,1.77,23298,94.28374428,DE,020600050201,Cow Marsh Creek,cow marsh creek,7/19/2018,Upper Choptank River,2018,07,Cow Marsh Creek,1/30/2024 9:15,5.3,10.39,0.1,107,0.05,8.3,5.6,1.57,2024,1
54,1.77,23298,94.28374428,DE,020600050201,Cow Marsh Creek,cow marsh creek,7/30/2018,Upper Choptank River,2018,07,Cow Marsh Creek,1/30/2024 9:15,5.3,10.39,0.1,107,0.05,8.3,5.6,1.57,2024,1
46,1.87,6488,26.25602768,DE,020402050704,Dragon Creek-Delaware River,dragon creek-delaware river,5/31/2017,Red Lion Creek,2017,05,Dragon Creek,12/7/2022 8:15,18.2,10.43,0.09,372,1.39,10.7,6.9,4.46,2022,12
92,1.87,6488,26.25602768,DE,020402050704,Dragon Creek-Delaware River,dragon creek-delaware river,5/18/2017,Red Lion Creek,2017,05,Dragon Creek,12/7/2022 8:15,18.2,10.43,0.09,372,1.39,10.7,6.9,4.46,2022,12
83,1.87,6488,26.25602768,DE,020402050704,Dragon Creek-Delaware River,dragon creek-delaware river,5/18/2017,Red Lion Creek,2017,05,Dragon Creek,12/7/2022 8:15,18.2,10.43,0.09,372,1.39,10.7,6.9,4.46,2022,12
89,1.87,6488,26.25602768,DE,020402050704,Dragon Creek-Delaware River,dragon creek-delaware river,6/19/2017,Red Lion Creek,2017,06,Dragon Creek,12/7/2022 8:15,18.2,10.43,0.09,372,1.39,10.7,6.9,4.46,2022,12
85,1.87,6488,26.25602768,DE,020402050704,Dragon Creek-Delaware River,dragon creek-delaware river,6/20/2017,Red Lion Creek,2017,06,Dragon Creek,12/7/2022 8:15,18.2,10.43,0.09,372,1.39,10.7,6.9,4.46,2022,12
79,1.87,6488,26.25602768,DE,020402050704,Dragon Creek-Delaware River,dragon creek-delaware river,6/20/2017,Red Lion Creek,2017,06,Dragon Creek,12/7/2022 8:15,18.2,10.43,0.09,372,1.39,10.7,6.9,4.46,2022,12
67,1.87,6488,26.25602768,DE,020402050704,Dragon Creek-Delaware River,dragon creek-delaware river,6/28/2017,Red Lion Creek,2017,06,Dragon Creek,12/7/2022 8:15,18.2,10.43,0.09,372,1.39,10.7,6.9,4.46,2022,12
56,1.87,6488,26.25602768,DE,020402050704,Dragon Creek-Delaware River,dragon creek-delaware river,6/26/2017,Red Lion Creek,2017,06,Dragon Creek,12/7/2022 8:15,18.2,10.43,0.09,372,1.39,10.7,6.9,4.46,2022,12
89,1.87,6488,26.25602768,DE,020402050704,Dragon Creek-Delaware River,dragon creek-delaware river,6/28/2017,Red Lion Creek,2017,06,Dragon Creek,12/7/2022 8:15,18.2,10.43,0.09,372,1.39,10.7,6.9,4.46,2022,12
28,0.32,21986,88.97426396,DE,020403030301,Little Assawoman Bay,little assawoman bay,7/18/2005,Indian River,2005,07,Little Assawoman Bay,11/28/2023 8:49,7,9.8,0,5,28.66,8,7.6,7.03,2023,11
28,0.32,21986,88.97426396,DE,020403030301,Little Assawoman Bay,little assawoman bay,7/26/2005,Indian River,2005,07,Little Assawoman Bay,11/28/2023 8:49,7,9.8,0,5,28.66,8,7.6,7.03,2023,11
7,0.32,21986,88.97426396,DE,020403030301,Little Assawoman Bay,little assawoman bay,7/18/2005,Indian River,2005,07,Little Assawoman Bay,11/28/2023 8:49,7,9.8,0,5,28.66,8,7.6,7.03,2023,11
13,0.32,21986,88.97426396,DE,020403030301,Little Assawoman Bay,little assawoman bay,8/31/2005,Indian River,2005,08,Little Assawoman Bay,11/28/2023 8:49,7,9.8,0,5,28.66,8,7.6,7.03,2023,11
25,0.32,21986,88.97426396,DE,020403030301,Little Assawoman Bay,little assawoman bay,8/24/2005,Indian River,2005,08,Little Assawoman Bay,11/28/2023 8:49,7,9.8,0,5,28.66,8,7.6,7.03,2023,11
7,0.32,21986,88.97426396,DE,020403030301,Little Assawoman Bay,little assawoman bay,8/8/2006,Indian River,2006,08,Little Assawoman Bay,11/28/2023 8:49,7,9.8,0,5,28.66,8,7.6,7.03,2023,11
56.1,0.32,21986,88.97426396,DE,020403030301,Little Assawoman Bay,little assawoman bay,6/26/2008,Inland Bays,2008,06,Little Assawoman Bay,11/28/2023 8:49,7,9.8,0,5,28.66,8,7.6,7.03,2023,11
64.7,0.32,21986,88.97426396,DE,020403030301,Little Assawoman Bay,little assawoman bay,6/26/2008,Inland Bays,2008,06,Little Assawoman Bay,11/28/2023 8:49,7,9.8,0,5,28.66,8,7.6,7.03,2023,11
73,0.32,21986,88.97426396,DE,020403030301,Little Assawoman Bay,little assawoman bay,6/26/2008,Inland Bays,2008,06,Little Assawoman Bay,11/28/2023 8:49,7,9.8,0,5,28.66,8,7.6,7.03,2023,11
70.6,0.32,21986,88.97426396,DE,020403030301,Little Assawoman Bay,little assawoman bay,9/2/2008,Inland Bays,2008,09,Little Assawoman Bay,11/28/2023 8:49,7,9.8,0,5,28.66,8,7.6,7.03,2023,11
73.4,0.32,21986,88.97426396,DE,020403030301,Little Assawoman Bay,little assawoman bay,9/2/2008,Inland Bays,2008,09,Little Assawoman Bay,11/28/2023 8:49,7,9.8,0,5,28.66,8,7.6,7.03,2023,11
58.4,0.32,21986,88.97426396,DE,020403030301,Little Assawoman Bay,little assawoman bay,9/2/2008,Inland Bays,2008,09,Little Assawoman Bay,11/28/2023 8:49,7,9.8,0,5,28.66,8,7.6,7.03,2023,11
75,0.32,21986,88.97426396,DE,020403030301,Little Assawoman Bay,little assawoman bay,9/9/2008,Inland Bays,2008,09,Little Assawoman Bay,11/28/2023 8:49,7,9.8,0,5,28.66,8,7.6,7.03,2023,11
72.9,0.32,21986,88.97426396,DE,020403030301,Little Assawoman Bay,little assawoman bay,9/9/2008,Inland Bays,2008,09,Little Assawoman Bay,11/28/2023 8:49,7,9.8,0,5,28.66,8,7.6,7.03,2023,11
62.8,0.32,21986,88.97426396,DE,020403030301,Little Assawoman Bay,little assawoman bay,9/11/2008,Inland Bays,2008,09,Little Assawoman Bay,11/28/2023 8:49,7,9.8,0,5,28.66,8,7.6,7.03,2023,11
41.67,1.03,6232,25.22003152,DE,020402050504,Little Mill Creek,little mill creek,8/16/2011,Christina,2011,08,Little Mill Creek,12/4/2023 7:34,3.7,11.27,0.05,922,0.5,9.1,7.7,2.89,2023,12
60.56,1.03,6232,25.22003152,DE,020402050504,Little Mill Creek,little mill creek,8/26/2011,Christina,2011,08,Little Mill Creek,12/4/2023 7:34,3.7,11.27,0.05,922,0.5,9.1,7.7,2.89,2023,12
37.22,1.03,6232,25.22003152,DE,020402050504,Little Mill Creek,little mill creek,8/18/2011,Christina,2011,08,Little Mill Creek,12/4/2023 7:34,3.7,11.27,0.05,922,0.5,9.1,7.7,2.89,2023,12
42.22,1.03,6232,25.22003152,DE,020402050504,Little Mill Creek,little mill creek,8/16/2011,Christina,2011,08,Little Mill Creek,12/4/2023 7:34,3.7,11.27,0.05,922,0.5,9.1,7.7,2.89,2023,12
80,1.03,6232,25.22003152,DE,020402050504,Little Mill Creek,little mill creek,8/17/2011,Christina,2011,08,Little Mill Creek,12/4/2023 7:34,3.7,11.27,0.05,922,0.5,9.1,7.7,2.89,2023,12
45.56,1.03,6232,25.22003152,DE,020402050504,Little Mill Creek,little mill creek,8/26/2011,Christina,2011,08,Little Mill Creek,12/4/2023 7:34,3.7,11.27,0.05,922,0.5,9.1,7.7,2.89,2023,12
30,1.03,6232,25.22003152,DE,020402050504,Little Mill Creek,little mill creek,9/13/2011,Christina,2011,09,Little Mill Creek,12/4/2023 7:34,3.7,11.27,0.05,922,0.5,9.1,7.7,2.89,2023,12
42,0.67,10932,44.24027352,DE,020402070505,Lower Cedar Creek,lower cedar creek,7/6/2012,Mispillion River,2012,07,Cedar Creek,12/11/2023 9:53,49.5,9.44,0.04,74,23.73,12.3,7.5,12.7,2023,12
62,0.67,10932,44.24027352,DE,020402070505,Lower Cedar Creek,lower cedar creek,7/6/2012,Mispillion River,2012,07,Cedar Creek,12/11/2023 9:53,49.5,9.44,0.04,74,23.73,12.3,7.5,12.7,2023,12
86,0.67,10932,44.24027352,DE,020402070505,Lower Cedar Creek,lower cedar creek,7/5/2012,Mispillion River,2012,07,Cedar Creek,12/11/2023 9:53,49.5,9.44,0.04,74,23.73,12.3,7.5,12.7,2023,12
65,0.67,10932,44.24027352,DE,020402070505,Lower Cedar Creek,lower cedar creek,7/25/2012,Mispillion,2012,07,Cedar Creek,12/11/2023 9:53,49.5,9.44,0.04,74,23.73,12.3,7.5,12.7,2023,12
76.1,0.67,10932,44.24027352,DE,020402070505,Lower Cedar Creek,lower cedar creek,7/19/2012,Mispillion,2012,07,Cedar Creek,12/11/2023 9:53,49.5,9.44,0.04,74,23.73,12.3,7.5,12.7,2023,12
68.9,0.67,10932,44.24027352,DE,020402070505,Lower Cedar Creek,lower cedar creek,7/12/2012,Mispillion,2012,07,Cedar Creek,12/11/2023 9:53,49.5,9.44,0.04,74,23.73,12.3,7.5,12.7,2023,12
83.9,0.67,10932,44.24027352,DE,020402070505,Lower Cedar Creek,lower cedar creek,7/12/2012,Mispillion,2012,07,Cedar Creek,12/11/2023 9:53,49.5,9.44,0.04,74,23.73,12.3,7.5,12.7,2023,12
81.7,0.67,10932,44.24027352,DE,020402070505,Lower Cedar Creek,lower cedar creek,7/18/2012,Mispillion,2012,07,Cedar Creek,12/11/2023 9:53,49.5,9.44,0.04,74,23.73,12.3,7.5,12.7,2023,12
66,0.67,10932,44.24027352,DE,020402070505,Lower Cedar Creek,lower cedar creek,8/24/2012,Mispillion River,2012,08,Cedar Creek,12/11/2023 9:53,49.5,9.44,0.04,74,23.73,12.3,7.5,12.7,2023,12
68.3,0.67,10932,44.24027352,DE,020402070505,Lower Cedar Creek,lower cedar creek,8/7/2012,Mispillion,2012,08,Cedar Creek,12/11/2023 9:53,49.5,9.44,0.04,74,23.73,12.3,7.5,12.7,2023,12
81.7,0.67,10932,44.24027352,DE,020402070505,Lower Cedar Creek,lower cedar creek,8/17/2012,Mispillion,2012,08,Cedar Creek,12/11/2023 9:53,49.5,9.44,0.04,74,23.73,12.3,7.5,12.7,2023,12
81.7,0.67,10932,44.24027352,DE,020402070505,Lower Cedar Creek,lower cedar creek,8/13/2012,Mispillion,2012,08,Cedar Creek,12/11/2023 9:53,49.5,9.44,0.04,74,23.73,12.3,7.5,12.7,2023,12
87.1,1.19,16482,66.70034652,DE,020402070304,Lower Saint Jones River,lower saint jones river,6/24/2008,St. Jones,2008,06,St. Jones River,12/13/2023 8:36,77.7,9.74,0.15,259,21.47,10.8,6.9,9.41,2023,12
81.3,1.19,16482,66.70034652,DE,020402070304,Lower Saint Jones River,lower saint jones river,6/24/2008,St. Jones,2008,06,St. Jones River,12/13/2023 8:36,77.7,9.74,0.15,259,21.47,10.8,6.9,9.41,2023,12
82.6,1.19,16482,66.70034652,DE,020402070304,Lower Saint Jones River,lower saint jones river,6/24/2008,St. Jones,2008,06,St. Jones River,12/13/2023 8:36,77.7,9.74,0.15,259,21.47,10.8,6.9,9.41,2023,12
48,1.19,16482,66.70034652,DE,020402070304,Lower Saint Jones River,lower saint jones river,7/2/2008,St. Jones,2008,07,St. Jones River,12/13/2023 8:36,77.7,9.74,0.15,259,21.47,10.8,6.9,9.41,2023,12
84.5,1.19,16482,66.70034652,DE,020402070304,Lower Saint Jones River,lower saint jones river,7/16/2008,St. Jones,2008,07,St. Jones River,12/13/2023 8:36,77.7,9.74,0.15,259,21.47,10.8,6.9,9.41,2023,12
85.5,1.19,16482,66.70034652,DE,020402070304,Lower Saint Jones River,lower saint jones river,7/7/2008,St. Jones,2008,07,St. Jones River,12/13/2023 8:36,77.7,9.74,0.15,259,21.47,10.8,6.9,9.41,2023,12
48.3,1.19,16482,66.70034652,DE,020402070304,Lower Saint Jones River,lower saint jones river,7/23/2008,St. Jones,2008,07,St. Jones River,12/13/2023 8:36,77.7,9.74,0.15,259,21.47,10.8,6.9,9.41,2023,12
57.9,1.19,16482,66.70034652,DE,020402070304,Lower Saint Jones River,lower saint jones river,7/3/2008,St. Jones,2008,07,St. Jones River,12/13/2023 8:36,77.7,9.74,0.15,259,21.47,10.8,6.9,9.41,2023,12
81.1,1.19,16482,66.70034652,DE,020402070304,Lower Saint Jones River,lower saint jones river,7/24/2008,St. Jones,2008,07,St. Jones River,12/13/2023 8:36,77.7,9.74,0.15,259,21.47,10.8,6.9,9.41,2023,12
76,1.19,16482,66.70034652,DE,020402070304,Lower Saint Jones River,lower saint jones river,7/7/2008,St. Jones,2008,07,St. Jones River,12/13/2023 8:36,77.7,9.74,0.15,259,21.47,10.8,6.9,9.41,2023,12
54.3,1.19,16482,66.70034652,DE,020402070304,Lower Saint Jones River,lower saint jones river,7/2/2008,St. Jones,2008,07,St. Jones River,12/13/2023 8:36,77.7,9.74,0.15,259,21.47,10.8,6.9,9.41,2023,12
78,1.19,16482,66.70034652,DE,020402070304,Lower Saint Jones River,lower saint jones river,7/10/2008,St. Jones,2008,07,St. Jones River,12/13/2023 8:36,77.7,9.74,0.15,259,21.47,10.8,6.9,9.41,2023,12
70.6,1.19,16482,66.70034652,DE,020402070304,Lower Saint Jones River,lower saint jones river,7/11/2008,St. Jones,2008,07,St. Jones River,12/13/2023 8:36,77.7,9.74,0.15,259,21.47,10.8,6.9,9.41,2023,12
76.5,1.19,16482,66.70034652,DE,020402070304,Lower Saint Jones River,lower saint jones river,7/16/2008,St. Jones,2008,07,St. Jones River,12/13/2023 8:36,77.7,9.74,0.15,259,21.47,10.8,6.9,9.41,2023,12
88.4,1.19,16482,66.70034652,DE,020402070304,Lower Saint Jones River,lower saint jones river,7/31/2008,St. Jones,2008,07,St. Jones River,12/13/2023 8:36,77.7,9.74,0.15,259,21.47,10.8,6.9,9.41,2023,12
88.6,1.19,16482,66.70034652,DE,020402070304,Lower Saint Jones River,lower saint jones river,7/24/2008,St. Jones,2008,07,St. Jones River,12/13/2023 8:36,77.7,9.74,0.15,259,21.47,10.8,6.9,9.41,2023,12
79.6,1.19,16482,66.70034652,DE,020402070304,Lower Saint Jones River,lower saint jones river,7/11/2008,St. Jones,2008,07,St. Jones River,12/13/2023 8:36,77.7,9.74,0.15,259,21.47,10.8,6.9,9.41,2023,12
52.7,1.19,16482,66.70034652,DE,020402070304,Lower Saint Jones River,lower saint jones river,7/14/2008,St. Jones,2008,07,St. Jones River,12/13/2023 8:36,77.7,9.74,0.15,259,21.47,10.8,6.9,9.41,2023,12
40.9,1.19,16482,66.70034652,DE,020402070304,Lower Saint Jones River,lower saint jones river,7/10/2008,St. Jones,2008,07,St. Jones River,12/13/2023 8:36,77.7,9.74,0.15,259,21.47,10.8,6.9,9.41,2023,12
83.3,1.19,16482,66.70034652,DE,020402070304,Lower Saint Jones River,lower saint jones river,7/16/2008,St. Jones,2008,07,St. Jones River,12/13/2023 8:36,77.7,9.74,0.15,259,21.47,10.8,6.9,9.41,2023,12
70.6,1.19,16482,66.70034652,DE,020402070304,Lower Saint Jones River,lower saint jones river,7/10/2008,St. Jones,2008,07,St. Jones River,12/13/2023 8:36,77.7,9.74,0.15,259,21.47,10.8,6.9,9.41,2023,12
68.7,1.19,16482,66.70034652,DE,020402070304,Lower Saint Jones River,lower saint jones river,7/30/2008,St. Jones,2008,07,St. Jones River,12/13/2023 8:36,77.7,9.74,0.15,259,21.47,10.8,6.9,9.41,2023,12
82,1.19,16482,66.70034652,DE,020402070304,Lower Saint Jones River,lower saint jones river,7/24/2008,St. Jones,2008,07,St. Jones River,12/13/2023 8:36,77.7,9.74,0.15,259,21.47,10.8,6.9,9.41,2023,12
88.6,1.19,16482,66.70034652,DE,020402070304,Lower Saint Jones River,lower saint jones river,7/14/2008,St. Jones,2008,07,St. Jones River,12/13/2023 8:36,77.7,9.74,0.15,259,21.47,10.8,6.9,9.41,2023,12
70.7,1.19,16482,66.70034652,DE,020402070304,Lower Saint Jones River,lower saint jones river,7/3/2008,St. Jones,2008,07,St. Jones River,12/13/2023 8:36,77.7,9.74,0.15,259,21.47,10.8,6.9,9.41,2023,12
83.9,1.19,16482,66.70034652,DE,020402070304,Lower Saint Jones River,lower saint jones river,7/29/2008,St. Jones,2008,07,St. Jones River,12/13/2023 8:36,77.7,9.74,0.15,259,21.47,10.8,6.9,9.41,2023,12
84,1.19,16482,66.70034652,DE,020402070304,Lower Saint Jones River,lower saint jones river,7/31/2008,St. Jones,2008,07,St. Jones River,12/13/2023 8:36,77.7,9.74,0.15,259,21.47,10.8,6.9,9.41,2023,12
71.3,1.19,16482,66.70034652,DE,020402070304,Lower Saint Jones River,lower saint jones river,7/2/2008,St. Jones,2008,07,St. Jones River,12/13/2023 8:36,77.7,9.74,0.15,259,21.47,10.8,6.9,9.41,2023,12
82.4,1.19,16482,66.70034652,DE,020402070304,Lower Saint Jones River,lower saint jones river,7/30/2008,St. Jones,2008,07,St. Jones River,12/13/2023 8:36,77.7,9.74,0.15,259,21.47,10.8,6.9,9.41,2023,12
58.7,1.19,16482,66.70034652,DE,020402070304,Lower Saint Jones River,lower saint jones river,7/28/2008,St. Jones,2008,07,St. Jones River,12/13/2023 8:36,77.7,9.74,0.15,259,21.47,10.8,6.9,9.41,2023,12
46.2,1.19,16482,66.70034652,DE,020402070304,Lower Saint Jones River,lower saint jones river,7/28/2008,St. Jones,2008,07,St. Jones River,12/13/2023 8:36,77.7,9.74,0.15,259,21.47,10.8,6.9,9.41,2023,12
83.3,1.19,16482,66.70034652,DE,020402070304,Lower Saint Jones River,lower saint jones river,7/29/2008,St. Jones,2008,07,St. Jones River,12/13/2023 8:36,77.7,9.74,0.15,259,21.47,10.8,6.9,9.41,2023,12
80.4,1.19,16482,66.70034652,DE,020402070304,Lower Saint Jones River,lower saint jones river,7/31/2008,St. Jones,2008,07,St. Jones River,12/13/2023 8:36,77.7,9.74,0.15,259,21.47,10.8,6.9,9.41,2023,12
81.2,1.19,16482,66.70034652,DE,020402070304,Lower Saint Jones River,lower saint jones river,8/4/2008,St. Jones,2008,08,St. Jones River,12/13/2023 8:36,77.7,9.74,0.15,259,21.47,10.8,6.9,9.41,2023,12
77,1.19,16482,66.70034652,DE,020402070304,Lower Saint Jones River,lower saint jones river,8/14/2008,St. Jones,2008,08,St. Jones River,12/13/2023 8:36,77.7,9.74,0.15,259,21.47,10.8,6.9,9.41,2023,12
76.2,1.19,16482,66.70034652,DE,020402070304,Lower Saint Jones River,lower saint jones river,8/14/2008,St. Jones,2008,08,St. Jones River,12/13/2023 8:36,77.7,9.74,0.15,259,21.47,10.8,6.9,9.41,2023,12
85.2,1.19,16482,66.70034652,DE,020402070304,Lower Saint Jones River,lower saint jones river,8/11/2008,St. Jones,2008,08,St. Jones River,12/13/2023 8:36,77.7,9.74,0.15,259,21.47,10.8,6.9,9.41,2023,12
81.5,1.19,16482,66.70034652,DE,020402070304,Lower Saint Jones River,lower saint jones river,8/13/2008,St. Jones,2008,08,St. Jones River,12/13/2023 8:36,77.7,9.74,0.15,259,21.47,10.8,6.9,9.41,2023,12
91.8,1.19,16482,66.70034652,DE,020402070304,Lower Saint Jones River,lower saint jones river,8/4/2008,St. Jones,2008,08,St. Jones River,12/13/2023 8:36,77.7,9.74,0.15,259,21.47,10.8,6.9,9.41,2023,12
63.4,1.19,16482,66.70034652,DE,020402070304,Lower Saint Jones River,lower saint jones river,8/6/2008,St. Jones,2008,08,St. Jones River,12/13/2023 8:36,77.7,9.74,0.15,259,21.47,10.8,6.9,9.41,2023,12
67.5,1.19,16482,66.70034652,DE,020402070304,Lower Saint Jones River,lower saint jones river,8/7/2008,St. Jones,2008,08,St. Jones River,12/13/2023 8:36,77.7,9.74,0.15,259,21.47,10.8,6.9,9.41,2023,12
87,1.19,16482,66.70034652,DE,020402070304,Lower Saint Jones River,lower saint jones river,8/4/2008,St. Jones,2008,08,St. Jones River,12/13/2023 8:36,77.7,9.74,0.15,259,21.47,10.8,6.9,9.41,2023,12
85.4,1.19,16482,66.70034652,DE,020402070304,Lower Saint Jones River,lower saint jones river,8/13/2008,St. Jones,2008,08,St. Jones River,12/13/2023 8:36,77.7,9.74,0.15,259,21.47,10.8,6.9,9.41,2023,12
82,1.19,16482,66.70034652,DE,020402070304,Lower Saint Jones River,lower saint jones river,8/11/2008,St. Jones,2008,08,St. Jones River,12/13/2023 8:36,77.7,9.74,0.15,259,21.47,10.8,6.9,9.41,2023,12
66.6,1.19,16482,66.70034652,DE,020402070304,Lower Saint Jones River,lower saint jones river,8/7/2008,St. Jones,2008,08,St. Jones River,12/13/2023 8:36,77.7,9.74,0.15,259,21.47,10.8,6.9,9.41,2023,12
62.6,1.19,16482,66.70034652,DE,020402070304,Lower Saint Jones River,lower saint jones river,8/11/2008,St. Jones,2008,08,St. Jones River,12/13/2023 8:36,77.7,9.74,0.15,259,21.47,10.8,6.9,9.41,2023,12
43.8,1.19,16482,66.70034652,DE,020402070304,Lower Saint Jones River,lower saint jones river,8/6/2008,St. Jones,2008,08,St. Jones River,12/13/2023 8:36,77.7,9.74,0.15,259,21.47,10.8,6.9,9.41,2023,12
81.2,1.19,16482,66.70034652,DE,020402070304,Lower Saint Jones River,lower saint jones river,8/7/2008,St. Jones,2008,08,St. Jones River,12/13/2023 8:36,77.7,9.74,0.15,259,21.47,10.8,6.9,9.41,2023,12
85.2,1.19,16482,66.70034652,DE,020402070304,Lower Saint Jones River,lower saint jones river,9/10/2008,St. Jones,2008,09,St. Jones River,12/13/2023 8:36,77.7,9.74,0.15,259,21.47,10.8,6.9,9.41,2023,12
61.9,1.19,16482,66.70034652,DE,020402070304,Lower Saint Jones River,lower saint jones river,9/10/2008,St. Jones,2008,09,St. Jones River,12/13/2023 8:36,77.7,9.74,0.15,259,21.47,10.8,6.9,9.41,2023,12
77.78,2.5,9064,36.68073904,DE,020402050503,Middle Christina River,middle christina river,8/11/2011,Christina,2011,08,Christina River near Conrail Bridge,12/4/2023 8:00,17.9,10.91,0.06,409,0.32,8.1,7.3,3.23,2023,12
61.11,2.5,9064,36.68073904,DE,020402050503,Middle Christina River,middle christina river,8/22/2011,Christina,2011,08,Christina River near Conrail Bridge,12/4/2023 8:00,17.9,10.91,0.06,409,0.32,8.1,7.3,3.23,2023,12
57.78,2.5,9064,36.68073904,DE,020402050503,Middle Christina River,middle christina river,8/22/2011,Christina,2011,08,Christina River near Conrail Bridge,12/4/2023 8:00,17.9,10.91,0.06,409,0.32,8.1,7.3,3.23,2023,12
71.11,2.5,9064,36.68073904,DE,020402050503,Middle Christina River,middle christina river,8/23/2011,Christina,2011,08,Christina River near Conrail Bridge,12/4/2023 8:00,17.9,10.91,0.06,409,0.32,8.1,7.3,3.23,2023,12
55.56,2.5,9064,36.68073904,DE,020402050503,Middle Christina River,middle christina river,8/24/2011,Christina,2011,08,Christina River near Conrail Bridge,12/4/2023 8:00,17.9,10.91,0.06,409,0.32,8.1,7.3,3.23,2023,12
53.89,2.5,9064,36.68073904,DE,020402050503,Middle Christina River,middle christina river,8/24/2011,Christina,2011,08,Christina River near Conrail Bridge,12/4/2023 8:00,17.9,10.91,0.06,409,0.32,8.1,7.3,3.23,2023,12
77.78,2.5,9064,36.68073904,DE,020402050503,Middle Christina River,middle christina river,9/1/2011,Christina,2011,09,Christina River near Conrail Bridge,12/4/2023 8:00,17.9,10.91,0.06,409,0.32,8.1,7.3,3.23,2023,12
73.33,2.5,9064,36.68073904,DE,020402050503,Middle Christina River,middle christina river,9/1/2011,Christina,2011,09,Christina River near Conrail Bridge,12/4/2023 8:00,17.9,10.91,0.06,409,0.32,8.1,7.3,3.23,2023,12
77.78,2.5,9064,36.68073904,DE,020402050503,Middle Christina River,middle christina river,9/9/2011,Christina,2011,09,Christina River near Conrail Bridge,12/4/2023 8:00,17.9,10.91,0.06,409,0.32,8.1,7.3,3.23,2023,12
55.56,2.5,9064,36.68073904,DE,020402050503,Middle Christina River,middle christina river,9/1/2011,Christina,2011,09,Christina River near Conrail Bridge,12/4/2023 8:00,17.9,10.91,0.06,409,0.32,8.1,7.3,3.23,2023,12
85.56,2.5,9064,36.68073904,DE,020402050503,Middle Christina River,middle christina river,9/9/2011,Christina,2011,09,Christina River near Conrail Bridge,12/4/2023 8:00,17.9,10.91,0.06,409,0.32,8.1,7.3,3.23,2023,12
87,3.64,,,,,,raccoon creek,7/3/2019,Brandywine,2019,07,Raccoon Prong,12/12/2023 8:22,6.8,10.08,0.34,4840,0.2,6.4,5.4,3.01,2023,12
66,3.64,,,,,,raccoon creek,8/6/2019,Brandywine,2019,08,Raccoon Prong,12/12/2023 8:22,6.8,10.08,0.34,4840,0.2,6.4,5.4,3.01,2023,12
70,3.64,,,,,,raccoon creek,9/6/2019,Brandywine,2019,09,Raccoon Prong,12/12/2023 8:22,6.8,10.08,0.34,4840,0.2,6.4,5.4,3.01,2023,12
