station_id,timestamp,nutrient_nitrogen_result_type,nutrient_nitrogen_detection_condition,nutrient_nitrogen_value,nutrient_nitrogen_units,tss_result_type,tss_detection_condition,tss_value,tss_units,salinity_result_type,salinity_detection_condition,salinity_value,salinity_units,chlora_result_type,chlora_detection_condition,chlora_value,chlora_units,enterococcus_result_type,enterococcus_detection_condition,enterococcus_value,enterococcus_units,ph_result_type,ph_detection_condition,ph_value,ph_units,phosphate_phosphorus_result_type,phosphate_phosphorus_detection_condition,phosphate_phosphorus_value,phosphate_phosphorus_units,water_temp_result_type,water_temp_detection_condition,water_temp_value,water_temp_units,do_result_type,do_detection_condition,do_value,do_units
21DELAWQ_WQX-105171,2010-04-05 09:18:00,Actual,Detected,4.02,mg/l,Actual,Detected,4,mg/l,Actual,Detected,0.15,ppt,Actual,Detected,5.28,ug/l,Actual,Detected,90,cfu/100 ml,Actual,Detected,7.36,ph,Actual,Detected,0.04,mg/l,Actual,Detected,12.95,Deg C.,Actual,Detected,8.93,mg/l
21DELAWQ_WQX-105171,2010-01-04 09:20:00,Actual,Detected,5.22,mg/l,Actual,Detected,3,mg/l,Actual,Detected,0.16,ppt,Actual,Detected,0.69,ug/l,Actual,Detected,370,cfu/100 ml,Actual,Detected,7.52,ph,Actual,Detected,0.07,mg/l,Actual,Detected,0.19,Deg C.,Actual,Detected,12.3,mg/l
21DELAWQ_WQX-105171,2010-06-01 09:19:00,Actual,Detected,4.32,mg/l,Actual,Detected,6,mg/l,Actual,Detected,0.16,ppt,Actual,Detected,1.68,ug/l,Actual,Detected,190,cfu/100 ml,Actual,Detected,7.56,ph,Actual,Detected,0.1,mg/l,Actual,Detected,21.58,Deg C.,Actual,Detected,6.56,mg/l
21DELAWQ_WQX-105171,2010-05-03 09:46:00,Actual,Detected,4.31,mg/l,Actual,Detected,3,mg/l,Actual,Detected,0.16,ppt,Actual,Detected,3.24,ug/l,Actual,Detected,97,cfu/100 ml,Actual,Detected,7.47,ph,Actual,Detected,0.07,mg/l,Actual,Detected,19.46,Deg C.,Actual,Detected,6.27,mg/l
21DELAWQ_WQX-105171,2010-09-07 10:44:00,Actual,Detected,4.23,mg/l,Actual,Detected,15,mg/l,Actual,Detected,0.19,ppt,Actual,Detected,8.75,ug/l,Actual,Detected,550,cfu/100 ml,Actual,Detected,7.62,ph,Actual,Detected,0.09,mg/l,Actual,Detected,20.73,Deg C.,Actual,Detected,7.78,mg/l
21DELAWQ_WQX-105171,2010-11-01 09:16:00,Actual,Detected,4.53,mg/l,Actual,Detected,68,mg/l,Actual,Detected,0.18,ppt,Actual,Detected,5.37,ug/l,Actual,Detected,83,cfu/100 ml,Actual,Detected,7.57,ph,Actual,Detected,0.1,mg/l,Actual,Detected,8.75,Deg C.,Actual,Detected,9.12,mg/l
21DELAWQ_WQX-105171,2010-02-02 09:16:00,Actual,Detected,5.07,mg/l,Actual,Detected,2,mg/l,Actual,Detected,0.16,ppt,Actual,Detected,1.85,ug/l,Actual,Detected,37,cfu/100 ml,Actual,Detected,7.64,ph,Actual,Detected,0.04,mg/l,Actual,Detected,0.08,Deg C.,Actual,Detected,10.91,mg/l
21DELAWQ_WQX-105171,2010-07-06 09:23:00,Actual,Detected,4.07,mg/l,Actual,Detected,2,mg/l,Actual,Detected,0.17,ppt,Actual,Detected,1.09,ug/l,Actual,Detected,87,cfu/100 ml,Actual,Detected,7.62,ph,Actual,Detected,0.06,mg/l,Actual,Detected,24.39,Deg C.,Actual,Detected,6.17,mg/l
21DELAWQ_WQX-105171,2011-09-06 09:29:00,Actual,Detected,3.76,mg/l,Actual,Detected,182,mg/l,Actual,Detected,0.12,ppt,Actual,Detected,15.3,ug/l,Actual,Present Above Quantification Limit,4840,cfu/100 ml,Actual,Detected,7.52,ph,Actual,Detected,0.57,mg/l,Actual,Detected,19.6,Deg C.,Actual,Detected,8.23,mg/l
21DELAWQ_WQX-105171,2011-11-01 09:39:00,Actual,Detected,3.72,mg/l,Actual,Detected,23,mg/l,Actual,Detected,0.19,ppt,Actual,Detected,8.7,ug/l,Actual,Detected,330,cfu/100 ml,Actual,Detected,7.62,ph,Actual,Detected,0.06,mg/l,Actual,Detected,8.05,Deg C.,Actual,Detected,10.45,mg/l
21DELAWQ_WQX-105171,2011-05-02 09:41:00,Actual,Detected,4.08,mg/l,Actual,Detected,13,mg/l,Actual,Detected,0.16,ppt,Actual,Detected,3.61,ug/l,Actual,Detected,20,cfu/100 ml,Actual,Detected,6.85,ph,Actual,Detected,0.03,mg/l,Actual,Detected,14.19,Deg C.,Actual,Detected,9.68,mg/l
21DELAWQ_WQX-105171,2011-03-01 09:23:00,Actual,Detected,3.99,mg/l,Actual,Detected,8,mg/l,Actual,Detected,0.18,ppt,Actual,Detected,3.14,ug/l,Actual,Detected,67,cfu/100 ml,Actual,Detected,8.4,ph,Actual,Detected,0.06,mg/l,Actual,Detected,5.98,Deg C.,Actual,Detected,11.22,mg/l
21DELAWQ_WQX-105171,2011-01-04 09:41:00,Actual,Detected,4.78,mg/l,Actual,Detected,4,mg/l,Actual,Detected,0.19,ppt,Actual,Detected,1.73,ug/l,Actual,Detected,23,cfu/100 ml,Actual,Detected,7.62,ph,Actual,Detected,0.04,mg/l,Actual,Detected,0.37,Deg C.,Actual,Detected,9.77,mg/l
21DELAWQ_WQX-105171,2011-07-05 09:37:00,Actual,Detected,3.75,mg/l,Actual,Detected,3,mg/l,Actual,Detected,0.18,ppt,Actual,Detected,1.11,ug/l,Actual,Detected,53,cfu/100 ml,Actual,Detected,7.77,ph,Actual,Detected,0.05,mg/l,Actual,Detected,23.33,Deg C.,Actual,Detected,7.51,mg/l
21DELAWQ_WQX-105171,2012-03-05 10:08:00,Actual,Detected,4.09,mg/l,Actual,Detected,2,mg/l,Actual,Detected,0.16,ppt,Actual,Detected,4.65,ug/l,Actual,Detected,60,cfu/100 ml,Actual,Detected,7.82,ph,Actual,Detected,0.03,mg/l,Actual,Detected,5.25,Deg C.,Actual,Detected,12.8,mg/l
21DELAWQ_WQX-105171,2012-11-05 10:04:00,Actual,Detected,4.52,mg/l,Actual,Detected,2,mg/l,Actual,Detected,0.18,ppt,Actual,Detected,0.34,ug/l,Actual,Detected,1800,cfu/100 ml,Actual,Detected,7.16,ph,Actual,Detected,0.11,mg/l,Actual,Detected,7.8,Deg C.,Actual,Detected,11.55,mg/l
21DELAWQ_WQX-105171,2012-09-04 09:58:00,Actual,Detected,3.23,mg/l,Actual,Detected,4,mg/l,Actual,Detected,0.17,ppt,Actual,Detected,2.63,ug/l,Actual,Detected,11000,cfu/100 ml,Actual,Detected,7.36,ph,Actual,Detected,0.14,mg/l,Actual,Detected,22.05,Deg C.,Actual,Detected,7.61,mg/l
21DELAWQ_WQX-105171,2012-07-09 10:21:00,Actual,Detected,3.15,mg/l,Actual,Detected,2,mg/l,Actual,Detected,0.18,ppt,Actual,Detected,1.34,ug/l,Actual,Detected,87,cfu/100 ml,Actual,Detected,7.81,ph,Actual,Detected,0.06,mg/l,Actual,Detected,25.89,Deg C.,Actual,Detected,5.67,mg/l
21DELAWQ_WQX-105171,2012-01-03 09:53:00,Actual,Detected,4.59,mg/l,Actual,Detected,4,mg/l,Actual,Not Detected,0.05,ppt,Actual,Detected,1.36,ug/l,Actual,Detected,47,cfu/100 ml,Actual,Detected,8.1,ph,Actual,Detected,0.05,mg/l,Actual,Detected,3.24,Deg C.,Actual,Detected,13.23,mg/l
21DELAWQ_WQX-105171,2012-05-01 10:49:00,Actual,Detected,4.41,mg/l,Actual,Detected,2,mg/l,Actual,Detected,0.16,ppt,Actual,Detected,4.03,ug/l,Actual,Detected,40,cfu/100 ml,Actual,Detected,7.88,ph,Actual,Detected,0.08,mg/l,Actual,Detected,12.83,Deg C.,Actual,Detected,9.44,mg/l
21DELAWQ_WQX-105171,2013-03-04 10:40:00,Actual,Detected,4.61,mg/l,Actual,Not Detected,0.5,mg/l,Actual,Detected,0.18,ppt,Actual,Detected,2.93,ug/l,Actual,Detected,17,cfu/100 ml,Actual,Detected,8.31,ph,Actual,Detected,0.02,mg/l,Actual,Detected,2.97,Deg C.,Actual,Detected,14.74,mg/l
21DELAWQ_WQX-105171,2013-11-05 09:37:00,Actual,Detected,4.76,mg/l,Actual,Detected,2,mg/l,Actual,Detected,0.18,ppt,Actual,Detected,1.63,ug/l,Actual,Detected,391,cfu/100 ml,NA,NA,NA,NA,Actual,Detected,0.05,mg/l,Actual,Detected,7.29,Deg C.,Actual,Detected,12.55,mg/l
21DELAWQ_WQX-105171,2013-07-08 10:21:00,Actual,Detected,4.34,mg/l,Actual,Detected,17,mg/l,Actual,Detected,0.16,ppt,Actual,Detected,3.4,ug/l,Actual,Present Above Quantification Limit,4840,cfu/100 ml,Actual,Detected,7.17,ph,Actual,Detected,0.13,mg/l,Actual,Detected,23.5,Deg C.,Actual,Detected,7.96,mg/l
21DELAWQ_WQX-105171,2013-12-02 11:14:00,Actual,Detected,4.55,mg/l,Actual,Detected,8,mg/l,Actual,Detected,0.17,ppt,Actual,Detected,0.82,ug/l,Actual,Detected,66,cfu/100 ml,Actual,Detected,6.86,ph,Actual,Detected,0.1,mg/l,Actual,Detected,4.28,Deg C.,Actual,Detected,14.77,mg/l
21DELAWQ_WQX-105171,2013-09-03 10:14:00,Actual,Detected,4.42,mg/l,Actual,Detected,7,mg/l,Actual,Detected,0.18,ppt,Actual,Detected,1.64,ug/l,Actual,Detected,900,cfu/100 ml,Actual,Detected,7.44,ph,Actual,Detected,0.08,mg/l,Actual,Detected,22.46,Deg C.,Actual,Detected,8.19,mg/l
21DELAWQ_WQX-105171,2013-08-05 11:34:00,Actual,Detected,4.22,mg/l,Actual,Detected,3,mg/l,Actual,Detected,0.14,ppt,Actual,Detected,0.87,ug/l,Actual,Detected,170,cfu/100 ml,Actual,Detected,7.18,ph,Actual,Detected,0.07,mg/l,Actual,Detected,19.03,Deg C.,Actual,Detected,9.13,mg/l
21DELAWQ_WQX-105171,2013-01-07 10:06:00,Actual,Detected,3.74,mg/l,Estimated,Detected,1,mg/l,Actual,Detected,0.17,ppt,Actual,Detected,0.61,ug/l,Actual,Detected,20,cfu/100 ml,Actual,Detected,6.93,ph,Actual,Detected,0.04,mg/l,Actual,Detected,3.12,Deg C.,Actual,Detected,14.22,mg/l
21DELAWQ_WQX-105171,2013-05-01 10:04:00,Actual,Detected,3.45,mg/l,Actual,Detected,2,mg/l,Actual,Detected,0.17,ppt,Actual,Detected,5.01,ug/l,Actual,Detected,20,cfu/100 ml,Actual,Detected,7.27,ph,Actual,Detected,0.02,mg/l,Actual,Detected,14.18,Deg C.,Actual,Detected,9.62,mg/l
21DELAWQ_WQX-105171,2013-10-01 10:05:00,Actual,Detected,4.53,mg/l,Actual,Detected,4,mg/l,Actual,Detected,0.18,ppt,Actual,Detected,0.57,ug/l,Actual,Detected,216,cfu/100 ml,Actual,Detected,7.58,ph,Actual,Detected,0.05,mg/l,Actual,Detected,15.16,Deg C.,Actual,Detected,9.76,mg/l
21DELAWQ_WQX-105171,2014-02-04 10:23:00,Actual,Detected,3.63,mg/l,Actual,Detected,33,mg/l,Actual,Detected,0.21,ppt,Actual,Detected,5.58,ug/l,Actual,Detected,4840,cfu/100 ml,Actual,Detected,6.9,ph,Actual,Detected,0.12,mg/l,Actual,Detected,0.3,Deg C.,Actual,Detected,14.93,mg/l
21DELAWQ_WQX-105171,2014-01-06 10:25:00,Actual,Detected,4.51,mg/l,Actual,Detected,174,mg/l,Actual,Detected,0.28,ppt,Actual,Detected,13.8,ug/l,Actual,Detected,3470,cfu/100 ml,Actual,Detected,6.67,ph,Actual,Detected,0.3,mg/l,Actual,Detected,1.37,Deg C.,Actual,Detected,13.58,mg/l
21DELAWQ_WQX-105171,2014-09-03 10:37:00,Actual,Detected,3.36,mg/l,Actual,Detected,5,mg/l,Actual,Detected,0.15,ppt,Actual,Detected,2.33,ug/l,Actual,Detected,496,cfu/100 ml,Actual,Detected,7.69,ph,Actual,Detected,0.07,mg/l,Actual,Detected,22.87,Deg C.,Actual,Detected,7.79,mg/l
21DELAWQ_WQX-105171,2014-03-10 09:59:00,Actual,Detected,3.98,mg/l,Actual,Detected,23,mg/l,Actual,Detected,0.15,ppt,Actual,Detected,19.9,ug/l,Actual,Present Above Quantification Limit,4840,cfu/100 ml,Actual,Detected,7.09,ph,Actual,Detected,0.12,mg/l,Actual,Detected,4.94,Deg C.,Actual,Detected,13.33,mg/l
21DELAWQ_WQX-105171,2014-10-01 09:57:00,Actual,Detected,6.05,mg/l,Actual,Detected,2,mg/l,Actual,Detected,0.18,ppt,Actual,Detected,1.21,ug/l,Actual,Detected,160,cfu/100 ml,Actual,Detected,7.66,ph,Actual,Detected,0.05,mg/l,Actual,Detected,17.93,Deg C.,Actual,Detected,8.03,mg/l
21DELAWQ_WQX-105171,2014-05-05 10:00:00,Actual,Detected,3.96,mg/l,Actual,Detected,3,mg/l,Actual,Detected,0.14,ppt,Actual,Detected,1.31,ug/l,Actual,Detected,137,cfu/100 ml,Actual,Detected,6.97,ph,Actual,Detected,0.06,mg/l,Actual,Detected,11.57,Deg C.,Actual,Detected,11.06,mg/l
21DELAWQ_WQX-105171,2014-12-01 10:40:00,Actual,Detected,4.4,mg/l,Estimated,Detected,1,mg/l,Actual,Detected,0.18,ppt,Actual,Detected,0.86,ug/l,Actual,Detected,523,cfu/100 ml,Actual,Detected,7.67,ph,Actual,Detected,0.06,mg/l,Actual,Detected,6.18,Deg C.,Actual,Detected,11.95,mg/l
21DELAWQ_WQX-105171,2014-07-01 10:05:00,Actual,Detected,4.22,mg/l,Actual,Detected,3,mg/l,Actual,Detected,0.17,ppt,Actual,Detected,1.86,ug/l,Actual,Detected,17,cfu/100 ml,Actual,Detected,7.41,ph,Actual,Detected,0.07,mg/l,Actual,Detected,22.59,Deg C.,Actual,Detected,8.31,mg/l
21DELAWQ_WQX-105171,2014-08-05 10:17:00,Actual,Detected,4.29,mg/l,Actual,Detected,3,mg/l,Actual,Detected,0.17,ppt,Actual,Detected,1.78,ug/l,Actual,Detected,65,cfu/100 ml,Actual,Detected,7.74,ph,Actual,Detected,0.07,mg/l,Actual,Detected,22.28,Deg C.,Actual,Detected,8.11,mg/l
21DELAWQ_WQX-105171,2014-06-02 10:35:00,Actual,Detected,4.15,mg/l,Actual,Detected,5,mg/l,Actual,Detected,0.16,ppt,Actual,Detected,1.2,ug/l,Actual,Detected,52,cfu/100 ml,Actual,Detected,7.56,ph,Actual,Detected,0.07,mg/l,Actual,Detected,16.86,Deg C.,Actual,Detected,9.69,mg/l
21DELAWQ_WQX-105171,2014-11-03 10:01:00,Actual,Detected,3.7,mg/l,Actual,Detected,2,mg/l,Actual,Detected,0.17,ppt,Actual,Detected,0.95,ug/l,Actual,Detected,108,cfu/100 ml,Actual,Detected,7.43,ph,Actual,Detected,0.04,mg/l,Actual,Detected,6.7,Deg C.,Actual,Detected,12.43,mg/l
21DELAWQ_WQX-105171,2014-04-02 10:12:00,Actual,Detected,4.65,mg/l,Actual,Detected,3,mg/l,Actual,Detected,0.17,ppt,Actual,Detected,5.41,ug/l,Actual,Detected,125,cfu/100 ml,Actual,Detected,7.45,ph,Actual,Detected,0.04,mg/l,Actual,Detected,8.41,Deg C.,Actual,Detected,12.01,mg/l
21DELAWQ_WQX-105171,2015-11-02 10:23:00,Actual,Detected,3.62,mg/l,Actual,Detected,3,mg/l,Actual,Detected,0.19,ppt,Actual,Detected,1.19,ug/l,Actual,Detected,97,cfu/100 ml,Actual,Detected,7.63,ph,Actual,Detected,0.05,mg/l,Actual,Detected,12.11,Deg C.,Actual,Detected,10.33,mg/l
21DELAWQ_WQX-105171,2015-05-04 10:18:00,Actual,Detected,3.65,mg/l,Actual,Detected,2,mg/l,Actual,Detected,0.18,ppt,Actual,Detected,3.56,ug/l,Actual,Detected,13,cfu/100 ml,Actual,Detected,7.2,ph,Actual,Detected,0.03,mg/l,Actual,Detected,16.94,Deg C.,Actual,Detected,9.53,mg/l
21DELAWQ_WQX-105171,2015-07-06 10:26:00,Actual,Detected,3.43,mg/l,Actual,Detected,10,mg/l,Actual,Detected,0.18,ppt,Actual,Detected,5,ug/l,Actual,Detected,160,cfu/100 ml,Actual,Detected,7.28,ph,Actual,Detected,0.05,mg/l,Actual,Detected,21.48,Deg C.,Actual,Detected,9.38,mg/l
21DELAWQ_WQX-105171,2015-04-07 10:04:00,Actual,Detected,3.66,mg/l,Actual,Not Detected,0.5,mg/l,Actual,Detected,0.17,ppt,Actual,Detected,4.1,ug/l,Actual,Detected,6,cfu/100 ml,Actual,Detected,7.83,ph,Actual,Detected,0.02,mg/l,Actual,Detected,13,Deg C.,Actual,Detected,7.35,mg/l
21DELAWQ_WQX-105171,2015-06-01 10:36:00,Actual,Detected,3.16,mg/l,Actual,Detected,11,mg/l,Actual,Detected,0.17,ppt,Actual,Detected,2.82,ug/l,Actual,Detected,4840,cfu/100 ml,Actual,Detected,7.09,ph,Actual,Detected,0.09,mg/l,Actual,Detected,22.51,Deg C.,Actual,Detected,7.57,mg/l
21DELAWQ_WQX-105171,2015-01-05 10:13:00,Actual,Detected,3.26,mg/l,Actual,Detected,5,mg/l,Actual,Detected,0.13,ppt,Actual,Detected,4.79,ug/l,Actual,Present Above Quantification Limit,4840,cfu/100 ml,Actual,Detected,7.13,ph,Actual,Detected,0.12,mg/l,Actual,Detected,4.41,Deg C.,Actual,Detected,10.65,mg/l
21DELAWQ_WQX-105171,2015-09-01 10:15:00,Actual,Detected,3.9,mg/l,Actual,Detected,40,mg/l,Actual,Detected,0.2,ppt,Actual,Detected,6.68,ug/l,Actual,Detected,176,cfu/100 ml,Actual,Detected,7.71,ph,Actual,Detected,0.1,mg/l,Actual,Detected,23.78,Deg C.,Actual,Detected,7.43,mg/l
21DELAWQ_WQX-105171,2016-08-30 11:16:00,Actual,Detected,2.72,mg/l,Actual,Detected,4,mg/l,Actual,Detected,0.19,ppt,Actual,Detected,2.75,ug/l,Actual,Detected,21,cfu/100 ml,Actual,Detected,7.89,ph,Actual,Detected,0.07,mg/l,Actual,Detected,24.26,Deg C.,Actual,Detected,7.92,mg/l
21DELAWQ_WQX-105171,2016-01-04 10:36:00,Actual,Detected,4.32,mg/l,Actual,Detected,5,mg/l,Actual,Detected,0.18,ppt,Actual,Detected,2.16,ug/l,Actual,Detected,35,cfu/100 ml,Actual,Detected,7.79,ph,Actual,Detected,0.04,mg/l,Actual,Detected,2.85,Deg C.,Actual,Detected,13.71,mg/l
21DELAWQ_WQX-105171,2016-07-11 10:33:00,Actual,Detected,3.09,mg/l,Actual,Detected,3,mg/l,Actual,Detected,0.18,ppt,Actual,Detected,1.95,ug/l,Actual,Detected,129,cfu/100 ml,Actual,Detected,7.63,ph,Actual,Detected,0.07,mg/l,Actual,Detected,22.11,Deg C.,Actual,Detected,8.11,mg/l
21DELAWQ_WQX-105171,2016-11-01 10:22:00,Actual,Detected,3.18,mg/l,Estimated,Detected,1,mg/l,Actual,Detected,0.19,ppt,Actual,Detected,1.49,ug/l,Actual,Detected,4,cfu/100 ml,Actual,Detected,7.26,ph,Actual,Detected,0.02,mg/l,Actual,Detected,10.37,Deg C.,Actual,Detected,9.93,mg/l
21DELAWQ_WQX-105171,2016-03-01 10:05:00,Actual,Detected,4.47,mg/l,Actual,Detected,4,mg/l,Actual,Detected,0.17,ppt,Actual,Detected,1.14,ug/l,Actual,Detected,58,cfu/100 ml,Actual,Detected,7.31,ph,Actual,Detected,0.04,mg/l,Actual,Detected,6.57,Deg C.,Actual,Detected,12.35,mg/l
21DELAWQ_WQX-105171,2016-05-02 10:27:00,Actual,Detected,3.97,mg/l,Actual,Detected,4,mg/l,Actual,Detected,0.17,ppt,Actual,Detected,4.97,ug/l,Actual,Detected,757,cfu/100 ml,Actual,Detected,7.26,ph,Actual,Detected,0.04,mg/l,Actual,Detected,11.77,Deg C.,Actual,Detected,10.53,mg/l
21DELAWQ_WQX-105171,2017-05-24 10:19:00,Actual,Detected,3.13,mg/l,Actual,Detected,8.6,mg/l,Actual,Detected,0.16,ppt,Actual,Detected,3.42,ug/l,Actual,Detected,54,cfu/100 ml,Actual,Detected,7.39,ph,Actual,Detected,0.05,mg/l,Actual,Detected,16.53,Deg C.,Actual,Detected,8.13,mg/l
21DELAWQ_WQX-105171,2017-11-07 10:08:00,Actual,Detected,3.52,mg/l,Estimated,Detected,1.4,mg/l,Actual,Detected,0.2,ppt,Actual,Detected,0.71,ug/l,Actual,Detected,30,cfu/100 ml,Actual,Detected,7.7,ph,Actual,Detected,0.05,mg/l,Actual,Detected,12.2,Deg C.,Actual,Detected,9.67,mg/l
21DELAWQ_WQX-105171,2017-01-03 10:27:00,Actual,Detected,3.96,mg/l,Actual,Detected,3.4,mg/l,Actual,Detected,0.18,ppt,Actual,Detected,4.56,ug/l,Actual,Detected,114,cfu/100 ml,Actual,Detected,7.44,ph,Actual,Detected,0.02,mg/l,Actual,Detected,5.1,Deg C.,Actual,Detected,10.54,mg/l
21DELAWQ_WQX-105171,2017-03-06 10:41:00,Actual,Detected,3.84,mg/l,Estimated,Detected,1.7,mg/l,Actual,Detected,0.18,ppt,Actual,Detected,2.59,ug/l,Actual,Detected,4,cfu/100 ml,Actual,Detected,7.19,ph,Estimated,Detected,0.01,mg/l,Actual,Detected,2.19,Deg C.,Actual,Detected,13.49,mg/l
21DELAWQ_WQX-105171,2017-09-05 10:17:00,Actual,Detected,2.96,mg/l,Estimated,Detected,1.8,mg/l,Actual,Detected,0.18,ppt,Actual,Detected,1.8,ug/l,Actual,Detected,173,cfu/100 ml,Actual,Detected,7.72,ph,Actual,Detected,0.08,mg/l,Actual,Detected,19.6,Deg C.,Actual,Detected,8.6,mg/l
21DELAWQ_WQX-105171,2017-07-17 10:23:00,Actual,Detected,2.95,mg/l,Actual,Detected,3.1,mg/l,Actual,Detected,0.18,ppt,Actual,Detected,1.47,ug/l,Actual,Detected,381,cfu/100 ml,Actual,Detected,7.78,ph,Actual,Detected,0.1,mg/l,Actual,Detected,23.56,Deg C.,Actual,Detected,7.84,mg/l
21DELAWQ_WQX-105171,2018-09-04 09:36:00,Actual,Detected,3.75,mg/l,Actual,Detected,8.1,mg/l,Actual,Detected,0.21,ppt,Actual,Detected,3.63,ug/l,Actual,Detected,78,cfu/100 ml,Actual,Detected,7.69,ph,Actual,Detected,0.09,mg/l,Actual,Detected,23.73,Deg C.,Actual,Detected,8.15,mg/l
21DELAWQ_WQX-105171,2018-07-16 10:12:00,Actual,Detected,3.85,mg/l,Actual,Detected,8.4,mg/l,Actual,Detected,0.19,ppt,Actual,Detected,3.37,ug/l,Actual,Detected,26,cfu/100 ml,Actual,Detected,7.62,ph,Actual,Detected,0.04,mg/l,Actual,Detected,25.24,Deg C.,Actual,Detected,8.2,mg/l
21DELAWQ_WQX-105171,2018-12-04 09:57:00,Actual,Detected,4.23,mg/l,Estimated,Detected,2.4,mg/l,Actual,Detected,0.16,ppt,Actual,Detected,0.69,ug/l,Actual,Detected,253,cfu/100 ml,Actual,Detected,7.4,ph,Actual,Detected,0.05,mg/l,Actual,Detected,7.5,Deg C.,Actual,Detected,11.62,mg/l
21DELAWQ_WQX-105171,2018-03-05 11:46:00,Actual,Detected,4.03,mg/l,Actual,Detected,25.8,mg/l,Actual,Detected,0.19,ppt,Actual,Detected,12.4,ug/l,Actual,Detected,78,cfu/100 ml,Actual,Detected,7.75,ph,Actual,Detected,0.07,mg/l,Actual,Detected,5.95,Deg C.,Actual,Detected,12.91,mg/l
21DELAWQ_WQX-105171,2018-08-07 09:44:00,Actual,Detected,3.4,mg/l,Actual,Detected,9.6,mg/l,Actual,Detected,0.2,ppt,Actual,Detected,4.52,ug/l,Actual,Detected,64,cfu/100 ml,Actual,Detected,7.91,ph,Actual,Detected,0.05,mg/l,Actual,Detected,25.38,Deg C.,Actual,Detected,6.61,mg/l
21DELAWQ_WQX-105171,2018-10-02 10:10:00,Actual,Detected,4.16,mg/l,Actual,Detected,7.8,mg/l,Actual,Detected,0.18,ppt,Actual,Detected,1.48,ug/l,Actual,Detected,476,cfu/100 ml,Actual,Detected,7.74,ph,Actual,Detected,0.08,mg/l,Actual,Detected,19.5,Deg C.,Actual,Detected,9.29,mg/l
21DELAWQ_WQX-105171,2018-11-05 10:30:00,Actual,Detected,3.81,mg/l,Actual,Detected,3.4,mg/l,Actual,Detected,0.17,ppt,Actual,Detected,4.29,ug/l,Actual,Detected,716,cfu/100 ml,Actual,Detected,7.73,ph,Actual,Detected,0.06,mg/l,Actual,Detected,11.11,Deg C.,Actual,Detected,10.75,mg/l
21DELAWQ_WQX-105171,2018-05-01 10:07:00,Actual,Detected,3.11,mg/l,Actual,Detected,2.7,mg/l,Actual,Detected,0.18,ppt,Actual,Detected,5.81,ug/l,Actual,Detected,22,cfu/100 ml,Actual,Detected,7.79,ph,Actual,Detected,0.01,mg/l,Actual,Detected,13.82,Deg C.,Actual,Detected,10.73,mg/l
21DELAWQ_WQX-105171,2019-10-01 10:01:00,Actual,Detected,4.36,mg/l,Estimated,Detected,1,mg/l,Actual,Detected,0.21,ppt,Actual,Detected,2.14,ug/l,Actual,Detected,288,cfu/100 ml,Actual,Detected,7.83,ph,Actual,Detected,0.03,mg/l,Actual,Detected,20,Deg C.,Actual,Detected,8.55,mg/l
21DELAWQ_WQX-105171,2019-11-05 10:18:00,Actual,Detected,4.37,mg/l,Actual,Not Detected,0.5,mg/l,Actual,Detected,0.19,ppt,Actual,Detected,0.31,ug/l,Actual,Detected,172,cfu/100 ml,Actual,Detected,7.14,ph,Actual,Detected,0.06,mg/l,Actual,Detected,10.62,Deg C.,Actual,Detected,11.49,mg/l
21DELAWQ_WQX-105171,2019-06-03 09:05:00,Actual,Detected,4.67,mg/l,Actual,Detected,13.1,mg/l,Actual,Detected,0.17,ppt,Actual,Detected,3.01,ug/l,Actual,Detected,2830,cfu/100 ml,Actual,Detected,7.37,ph,Actual,Detected,0.08,mg/l,Actual,Detected,18.35,Deg C.,Actual,Detected,9.01,mg/l
21DELAWQ_WQX-105171,2019-01-07 09:36:00,Actual,Detected,4.48,mg/l,Estimated,Detected,1.3,mg/l,Actual,Detected,0.16,ppt,Actual,Detected,1.3,ug/l,Actual,Detected,108,cfu/100 ml,Actual,Detected,7.34,ph,Actual,Detected,0.05,mg/l,Actual,Detected,4.35,Deg C.,Actual,Detected,12.83,mg/l
21DELAWQ_WQX-105171,2019-02-06 09:33:00,Actual,Detected,4.74,mg/l,Actual,Detected,14.8,mg/l,Actual,Detected,0.18,ppt,Actual,Detected,4.3,ug/l,Actual,Detected,130,cfu/100 ml,Actual,Detected,7.34,ph,Actual,Detected,0.03,mg/l,Actual,Detected,5.12,Deg C.,Actual,Detected,12.63,mg/l
21DELAWQ_WQX-105171,2019-12-02 09:25:00,Actual,Detected,4.82,mg/l,Actual,Detected,32.5,mg/l,Actual,Detected,0.18,ppt,Actual,Detected,13.4,ug/l,Actual,Present Above Quantification Limit,4840,cfu/100 ml,Actual,Detected,7.81,ph,Actual,Detected,0.11,mg/l,Actual,Detected,5.03,Deg C.,Actual,Detected,12.22,mg/l
21DELAWQ_WQX-105171,2019-09-03 10:02:00,Actual,Detected,4.66,mg/l,Actual,Detected,3.9,mg/l,Actual,Detected,0.2,ppt,Actual,Detected,0.86,ug/l,Actual,Detected,139,cfu/100 ml,Actual,Detected,7.39,ph,Actual,Detected,0.05,mg/l,Actual,Detected,22.86,Deg C.,Actual,Detected,8.3,mg/l
21DELAWQ_WQX-105171,2019-05-01 09:59:00,Actual,Detected,4.48,mg/l,Actual,Detected,8.8,mg/l,Actual,Detected,0.18,ppt,Actual,Detected,4.38,ug/l,Actual,Detected,40,cfu/100 ml,Actual,Detected,7.41,ph,Actual,Detected,0.04,mg/l,Actual,Detected,15.34,Deg C.,Actual,Detected,9.73,mg/l
21DELAWQ_WQX-105171,2019-08-05 09:17:00,Actual,Detected,4.2,mg/l,Actual,Detected,9.2,mg/l,Actual,Detected,0.19,ppt,Actual,Detected,1.71,ug/l,Actual,Detected,832,cfu/100 ml,Actual,Detected,7.2,ph,Actual,Detected,0.07,mg/l,Actual,Detected,22.98,Deg C.,Actual,Detected,8.02,mg/l
21DELAWQ_WQX-105171,2019-04-01 09:51:00,Actual,Detected,4.52,mg/l,Actual,Detected,3.8,mg/l,Actual,Detected,0.17,ppt,Actual,Detected,6.94,ug/l,Actual,Detected,13,cfu/100 ml,Actual,Detected,7.6,ph,Actual,Detected,0.02,mg/l,Actual,Detected,6.48,Deg C.,Actual,Detected,12.31,mg/l
21DELAWQ_WQX-105171,2019-07-01 09:53:00,Actual,Detected,4.02,mg/l,Actual,Detected,6,mg/l,Actual,Detected,0.16,ppt,Actual,Detected,2.14,ug/l,Actual,Detected,267,cfu/100 ml,Actual,Detected,7.43,ph,Actual,Detected,0.08,mg/l,Actual,Detected,22.4,Deg C.,Actual,Detected,8.53,mg/l
21DELAWQ_WQX-105171,2019-03-04 09:58:00,Actual,Detected,4.21,mg/l,Actual,Detected,8.3,mg/l,Actual,Detected,0.28,ppt,Actual,Detected,13,ug/l,Actual,Detected,429,cfu/100 ml,Actual,Detected,7.45,ph,Actual,Detected,0.06,mg/l,Actual,Detected,3.74,Deg C.,Actual,Detected,13.22,mg/l
21DELAWQ_WQX-105171,2020-05-05 09:33:00,Actual,Detected,3.23,mg/l,Estimated,Detected,1.5,mg/l,Actual,Detected,0.17,ppt,Actual,Detected,2.33,ug/l,Actual,Detected,49,cfu/100 ml,Actual,Detected,7.58,ph,Actual,Detected,0.03,mg/l,Actual,Detected,14.67,Deg C.,Actual,Detected,9.99,mg/l
21DELAWQ_WQX-105171,2020-09-01 09:47:00,Actual,Detected,3.19,mg/l,Actual,Not Detected,0.5,mg/l,Actual,Detected,0.18,ppt,Actual,Detected,2.41,ug/l,Actual,Detected,154,cfu/100 ml,Actual,Detected,7.61,ph,Actual,Detected,0.03,mg/l,Actual,Detected,21.45,Deg C.,Actual,Detected,8.75,mg/l
21DELAWQ_WQX-105171,2020-06-09 09:31:00,Actual,Detected,3.56,mg/l,Actual,Detected,2.5,mg/l,Actual,Detected,0.18,ppt,Actual,Detected,1.41,ug/l,Actual,Detected,279,cfu/100 ml,Actual,Detected,7.49,ph,Actual,Detected,0.06,mg/l,Actual,Detected,20.87,Deg C.,Actual,Detected,8.53,mg/l
21DELAWQ_WQX-105171,2020-04-01 09:59:00,Actual,Detected,3.77,mg/l,Estimated,Detected,1.6,mg/l,Actual,Detected,0.17,ppt,Actual,Detected,3.13,ug/l,Actual,Detected,15,cfu/100 ml,Actual,Detected,7.54,ph,Actual,Detected,0.03,mg/l,Actual,Detected,9.4,Deg C.,Actual,Detected,11.4,mg/l
21DELAWQ_WQX-105171,2020-11-04 09:19:00,Actual,Detected,3.39,mg/l,Actual,Not Detected,0.5,mg/l,Actual,Detected,0.17,ppt,Actual,Detected,0.8,ug/l,Actual,Detected,215,cfu/100 ml,Actual,Detected,7.39,ph,Actual,Detected,0.07,mg/l,Actual,Detected,8.36,Deg C.,Actual,Detected,11.57,mg/l
21DELAWQ_WQX-105171,2020-07-07 09:41:00,Actual,Detected,2.6,mg/l,Estimated,Detected,1.8,mg/l,Actual,Detected,0.18,ppt,Actual,Detected,2.67,ug/l,Actual,Detected,651,cfu/100 ml,Actual,Detected,7.58,ph,Actual,Detected,0.03,mg/l,Actual,Detected,24.29,Deg C.,Actual,Detected,7.61,mg/l
21DELAWQ_WQX-105171,2020-02-04 09:37:00,Actual,Detected,4.95,mg/l,Actual,Detected,23.7,mg/l,Actual,Detected,0.19,ppt,Actual,Detected,2.95,ug/l,Actual,Detected,39,cfu/100 ml,Actual,Detected,7.59,ph,Actual,Detected,0.06,mg/l,Actual,Detected,6.96,Deg C.,Actual,Detected,12.03,mg/l
21DELAWQ_WQX-105171,2020-03-11 09:35:00,Actual,Detected,4.58,mg/l,Actual,Detected,4,mg/l,Actual,Detected,0.19,ppt,Actual,Detected,6.77,ug/l,Actual,Detected,19,cfu/100 ml,Actual,Detected,7.68,ph,Actual,Detected,0.03,mg/l,Actual,Detected,10.4,Deg C.,Actual,Detected,10.86,mg/l
21DELAWQ_WQX-105171,2020-01-06 09:31:00,Actual,Detected,4.38,mg/l,Estimated,Detected,1.6,mg/l,Actual,Detected,0.18,ppt,Actual,Detected,2.36,ug/l,Actual,Detected,10,cfu/100 ml,Actual,Detected,7.62,ph,Actual,Detected,0.03,mg/l,Actual,Detected,5,Deg C.,Actual,Detected,12.58,mg/l
21DELAWQ_WQX-105171,2021-01-05 10:08:00,Actual,Detected,3.66,mg/l,Actual,Detected,5.1,mg/l,Actual,Detected,0.16,ppt,Actual,Detected,1.79,ug/l,Actual,Detected,232,cfu/100 ml,Actual,Detected,7.18,ph,Actual,Detected,0.06,mg/l,Actual,Detected,6.35,Deg C.,Actual,Detected,12.11,mg/l
21DELAWQ_WQX-105171,2021-03-02 09:42:00,Actual,Detected,3.39,mg/l,Actual,Detected,7.5,mg/l,Actual,Detected,0.18,ppt,Actual,Detected,6.6,ug/l,Actual,Present Above Quantification Limit,4840,cfu/100 ml,Actual,Detected,7.25,ph,Actual,Detected,0.09,mg/l,Actual,Detected,2.98,Deg C.,Actual,Detected,13.05,mg/l
21DELAWQ_WQX-105171,2021-05-04 09:31:00,Actual,Detected,3.98,mg/l,Actual,Detected,3.5,mg/l,Actual,Detected,0.18,ppt,Actual,Detected,3.25,ug/l,Actual,Detected,142,cfu/100 ml,Actual,Detected,7.68,ph,Actual,Detected,0.03,mg/l,Actual,Detected,17.87,Deg C.,Actual,Detected,9.29,mg/l
21DELAWQ_WQX-105171,2021-09-01 09:34:00,Actual,Detected,2.87,mg/l,Actual,Detected,368,mg/l,Actual,Not Detected,0.05,ppt,Actual,Detected,14.4,ug/l,Actual,Present Above Quantification Limit,4840,cfu/100 ml,Actual,Detected,7.26,ph,Actual,Detected,0.56,mg/l,Actual,Detected,20.36,Deg C.,Actual,Detected,8.45,mg/l
21DELAWQ_WQX-105171,2021-07-06 09:43:00,Actual,Detected,3.86,mg/l,Actual,Detected,7.3,mg/l,Actual,Detected,0.18,ppt,Actual,Detected,2.09,ug/l,Actual,Detected,163,cfu/100 ml,Actual,Detected,7.55,ph,Actual,Detected,0.06,mg/l,Actual,Detected,25.4,Deg C.,Actual,Detected,8,mg/l
21DELAWQ_WQX-105171,2021-11-02 09:56:00,Actual,Detected,3.21,mg/l,Estimated,Present Below Quantification Limit,2,mg/l,Actual,Detected,0.18,ppt,Actual,Detected,0.81,ug/l,Actual,Detected,775,cfu/100 ml,Actual,Detected,7.32,ph,Actual,Detected,0.1,mg/l,Actual,Detected,11.31,Deg C.,Actual,Detected,10.69,mg/l
21DELAWQ_WQX-105171,2022-03-01 09:20:00,Actual,Detected,3.86,mg/l,Actual,Detected,2.9,mg/l,Actual,Detected,0.2,ppt,Actual,Detected,2.8,ug/l,Actual,Detected,40,cfu/100 ml,Actual,Detected,6.61,ph,Actual,Detected,0.02,mg/l,Actual,Detected,4.09,Deg C.,Actual,Detected,13.32,mg/l
21DELAWQ_WQX-105171,2022-01-05 10:16:00,Actual,Detected,3.75,mg/l,Actual,Detected,3.4,mg/l,Actual,Detected,0.19,ppt,Actual,Detected,2.53,ug/l,Actual,Detected,81,cfu/100 ml,Actual,Detected,6.93,ph,Actual,Detected,0.04,mg/l,Actual,Detected,2.93,Deg C.,Actual,Detected,13.39,mg/l
21DELAWQ_WQX-105171,2022-05-03 09:43:00,Actual,Detected,3.44,mg/l,Estimated,Present Below Quantification Limit,1.8,mg/l,Actual,Detected,0.17,ppt,Actual,Detected,9.83,ug/l,Actual,Detected,137,cfu/100 ml,Actual,Detected,8.03,ph,Actual,Detected,0.02,mg/l,Actual,Detected,15.64,Deg C.,Actual,Detected,10.39,mg/l
21DELAWQ_WQX-105171,2003-06-04 10:42:00,NA,NA,NA,NA,Actual,Detected,121,mg/l,Actual,Detected,0.12,ppt,Actual,Detected,24.9,ug/l,Actual,Present Above Quantification Limit,4840,cfu/100 ml,Actual,Detected,7.29,ph,Actual,Detected,0.47,mg/l,Actual,Detected,12.87,Deg C.,Actual,Detected,10.46,mg/l
21DELAWQ_WQX-105171,2003-08-18 11:05:00,NA,NA,NA,NA,Actual,Detected,19,mg/l,Actual,Detected,0.14,ppt,Estimated,Detected,2.2,ug/l,Actual,Detected,83,cfu/100 ml,Actual,Detected,7.65,ph,Actual,Detected,0.14,mg/l,Actual,Detected,21.91,Deg C.,Actual,Detected,8.72,mg/l
21DELAWQ_WQX-105171,2003-11-03 09:44:00,NA,NA,NA,NA,Estimated,Detected,3,mg/l,Actual,Detected,0.14,ppt,Estimated,Detected,3.7,ug/l,Actual,Detected,133,cfu/100 ml,Actual,Detected,7.04,ph,Actual,Detected,0.07,mg/l,Actual,Detected,13.68,Deg C.,Actual,Detected,11.89,mg/l
21DELAWQ_WQX-105171,2003-05-05 10:54:00,NA,NA,NA,NA,Actual,Not Detected,1,mg/l,Actual,Detected,0.14,ppt,Estimated,Detected,5.2,ug/l,Actual,Detected,6,cfu/100 ml,Actual,Detected,7.81,ph,Estimated,Detected,0.02,mg/l,Actual,Detected,11.96,Deg C.,Actual,Detected,11.14,mg/l
21DELAWQ_WQX-105171,2004-11-29 10:19:00,NA,NA,NA,NA,Actual,Detected,18,mg/l,Actual,Detected,0.11,ppt,Estimated,Detected,3.8,ug/l,Actual,Detected,160,cfu/100 ml,Actual,Detected,8.28,ph,Estimated,Detected,0.19,mg/l,Actual,Detected,8.46,Deg C.,Actual,Detected,11.19,mg/l
21DELAWQ_WQX-105171,2004-04-05 10:29:00,NA,NA,NA,NA,Actual,Detected,18,mg/l,Actual,Detected,0.12,ppt,Actual,Detected,14,ug/l,Actual,Detected,130,cfu/100 ml,Actual,Detected,7.59,ph,Actual,Detected,0.14,mg/l,Actual,Detected,5.43,Deg C.,Actual,Detected,12.12,mg/l
21DELAWQ_WQX-105171,2004-06-29 09:54:00,NA,NA,NA,NA,Actual,Detected,9,mg/l,Actual,Detected,0.14,ppt,Estimated,Detected,3,ug/l,Actual,Detected,767,cfu/100 ml,Actual,Detected,7.7,ph,Actual,Detected,0.06,mg/l,Actual,Detected,18.41,Deg C.,Actual,Detected,9.64,mg/l
21DELAWQ_WQX-105171,2004-10-05 10:05:00,NA,NA,NA,NA,Actual,Detected,5,mg/l,Actual,Detected,0.13,ppt,Estimated,Detected,0.6,ug/l,Actual,Detected,290,cfu/100 ml,Actual,Detected,7.62,ph,Actual,Detected,0.06,mg/l,Actual,Detected,14.28,Deg C.,Actual,Detected,9.6,mg/l
21DELAWQ_WQX-105171,2005-08-15 11:00:00,Actual,Detected,3.63,mg/l,Actual,Detected,13,mg/l,Actual,Detected,0.15,ppt,Actual,Detected,3.07,ug/l,Actual,Detected,70,cfu/100 ml,Actual,Detected,8.44,ph,Actual,Detected,0.1,mg/l,Actual,Detected,25.51,Deg C.,Actual,Detected,7.9,mg/l
21DELAWQ_WQX-105171,2005-06-07 10:09:00,NA,NA,NA,NA,Actual,Detected,192,mg/l,Actual,Detected,0.13,ppt,Actual,Detected,47.9,ug/l,Actual,Present Above Quantification Limit,4840,cfu/100 ml,Actual,Detected,7.26,ph,Actual,Detected,0.52,mg/l,Actual,Detected,19.67,Deg C.,Actual,Detected,8.28,mg/l
21DELAWQ_WQX-105171,2005-10-18 10:06:00,Actual,Detected,4.28,mg/l,Estimated,Detected,4,mg/l,Actual,Detected,0.16,ppt,Actual,Detected,1.02,ug/l,Actual,Detected,123,cfu/100 ml,Actual,Detected,7.56,ph,Actual,Detected,0.06,mg/l,Actual,Detected,13.69,Deg C.,Actual,Detected,11.3,mg/l
21DELAWQ_WQX-105171,2005-04-12 10:03:00,NA,NA,NA,NA,Estimated,Detected,2,mg/l,Actual,Detected,0.14,ppt,Actual,Detected,3.77,ug/l,Actual,Detected,17,cfu/100 ml,Actual,Detected,7.55,ph,Actual,Not Detected,0,mg/l,Actual,Detected,10.24,Deg C.,Actual,Detected,10.8,mg/l
21DELAWQ_WQX-105171,2006-04-04 09:42:00,Actual,Detected,4.41,mg/l,Actual,Detected,15,mg/l,Actual,Detected,0.18,ppt,Actual,Detected,30.9,ug/l,Actual,Detected,100,cfu/100 ml,Actual,Detected,7.41,ph,Actual,Detected,0.05,mg/l,Actual,Detected,10.62,Deg C.,Actual,Detected,10.4,mg/l
21DELAWQ_WQX-105171,2006-02-28 09:39:00,Actual,Detected,6.14,mg/l,Actual,Detected,6,mg/l,Actual,Detected,0.15,ppt,Actual,Detected,4.56,ug/l,Actual,Detected,10,cfu/100 ml,Actual,Detected,7.63,ph,Actual,Detected,0.03,mg/l,Actual,Detected,0.85,Deg C.,Actual,Detected,14.6,mg/l
21DELAWQ_WQX-105171,2006-01-03 10:39:00,Actual,Detected,3.8,mg/l,Actual,Detected,149,mg/l,Actual,Detected,0.1,ppt,Actual,Detected,18.3,ug/l,Actual,Detected,1200,cfu/100 ml,Actual,Detected,7.33,ph,Actual,Detected,0.3,mg/l,Actual,Detected,5.45,Deg C.,Actual,Detected,11.2,mg/l
21DELAWQ_WQX-105171,2006-10-03 09:31:00,Actual,Detected,3.81,mg/l,Estimated,Detected,3,mg/l,Actual,Detected,0.16,ppt,Actual,Detected,2.74,ug/l,Actual,Detected,90,cfu/100 ml,Actual,Detected,7.35,ph,Actual,Detected,0.07,mg/l,Actual,Detected,15.04,Deg C.,Actual,Detected,9.93,mg/l
21DELAWQ_WQX-105171,2006-12-06 09:44:00,Actual,Detected,4.65,mg/l,Actual,Not Detected,1,mg/l,Actual,Detected,0.16,ppt,Actual,Detected,0.75,ug/l,Actual,Detected,30,cfu/100 ml,Actual,Detected,7.37,ph,Actual,Detected,0.03,mg/l,Actual,Detected,2.41,Deg C.,Actual,Detected,14.69,mg/l
21DELAWQ_WQX-105171,2006-02-06 09:59:00,Actual,Detected,4.32,mg/l,Actual,Detected,15,mg/l,Actual,Detected,0.14,ppt,Actual,Detected,5.06,ug/l,Actual,Detected,107,cfu/100 ml,Actual,Detected,7.52,ph,Actual,Detected,0.1,mg/l,Actual,Detected,4.14,Deg C.,Actual,Detected,12.71,mg/l
21DELAWQ_WQX-105171,2006-06-05 09:38:00,Actual,Detected,3.75,mg/l,Actual,Detected,13,mg/l,Actual,Detected,0.21,ppt,Actual,Detected,2.62,ug/l,Actual,Not Detected,1.5,cfu/100 ml,Actual,Detected,6.8,ph,Actual,Detected,0.12,mg/l,Actual,Detected,17.79,Deg C.,Actual,Detected,9.05,mg/l
21DELAWQ_WQX-105171,2006-10-30 10:14:00,Actual,Detected,4.46,mg/l,Actual,Not Detected,1,mg/l,Actual,Detected,0.15,ppt,Actual,Detected,1.78,ug/l,Actual,Present Above Quantification Limit,4840,cfu/100 ml,Actual,Detected,7.22,ph,Actual,Detected,0.08,mg/l,Actual,Detected,8.57,Deg C.,Actual,Detected,11.7,mg/l
21DELAWQ_WQX-105171,2006-07-05 11:40:00,Actual,Detected,3.04,mg/l,Actual,Detected,9,mg/l,Actual,Detected,0.14,ppt,Actual,Detected,3.63,ug/l,Actual,Detected,733,cfu/100 ml,Actual,Detected,7.66,ph,Actual,Detected,0.08,mg/l,Actual,Detected,23.15,Deg C.,Actual,Detected,8.99,mg/l
21DELAWQ_WQX-105171,2006-08-01 08:59:00,Actual,Detected,3.13,mg/l,Actual,Detected,10,mg/l,Actual,Detected,0.26,ppt,Actual,Detected,2.19,ug/l,Actual,Detected,123,cfu/100 ml,Actual,Detected,7.39,ph,Actual,Detected,0.09,mg/l,Actual,Detected,25.63,Deg C.,Actual,Detected,7.11,mg/l
21DELAWQ_WQX-105171,2006-09-06 09:46:00,Actual,Detected,3.3,mg/l,Actual,Detected,21,mg/l,Actual,Detected,0.14,ppt,Actual,Detected,7.32,ug/l,Actual,Present Above Quantification Limit,4840,cfu/100 ml,Actual,Detected,7.37,ph,Actual,Detected,0.21,mg/l,Actual,Detected,18.11,Deg C.,Actual,Detected,9.08,mg/l
21DELAWQ_WQX-105171,2006-05-01 09:44:00,Actual,Detected,5.07,mg/l,Actual,Detected,6,mg/l,Actual,Detected,0.16,ppt,Actual,Detected,5.08,ug/l,Actual,Detected,30,cfu/100 ml,Actual,Detected,7.14,ph,Actual,Detected,0.05,mg/l,Actual,Detected,12.95,Deg C.,Actual,Detected,10.69,mg/l
21DELAWQ_WQX-105171,2007-08-06 09:37:00,Actual,Detected,2.83,mg/l,Actual,Detected,8,mg/l,Actual,Detected,0.11,ppt,Actual,Detected,3.47,ug/l,NA,NA,NA,NA,Actual,Detected,7.05,ph,Actual,Detected,0.08,mg/l,Actual,Detected,23.68,Deg C.,Actual,Detected,7.4,mg/l
21DELAWQ_WQX-105171,2007-03-05 09:31:00,Actual,Detected,4.8,mg/l,Actual,Detected,8,mg/l,Actual,Detected,0.15,ppt,Actual,Detected,3.91,ug/l,Actual,Detected,53,cfu/100 ml,Actual,Detected,7.4,ph,Actual,Detected,0.06,mg/l,Actual,Detected,3.1,Deg C.,Actual,Detected,13.28,mg/l
21DELAWQ_WQX-105171,2007-09-04 09:44:00,Actual,Detected,3.35,mg/l,Estimated,Detected,4,mg/l,Actual,Detected,0.17,ppt,Actual,Detected,3.59,ug/l,Actual,Detected,167,cfu/100 ml,Actual,Detected,7.61,ph,Actual,Detected,0.08,mg/l,Actual,Detected,20.74,Deg C.,Actual,Detected,8.46,mg/l
21DELAWQ_WQX-105171,2007-10-02 09:39:00,Actual,Detected,3.79,mg/l,Estimated,Detected,3,mg/l,Actual,Detected,0.19,ppt,Actual,Detected,1.85,ug/l,Actual,Detected,67,cfu/100 ml,Actual,Detected,7.21,ph,Actual,Detected,0.12,mg/l,Actual,Detected,16.35,Deg C.,Actual,Detected,10.38,mg/l
21DELAWQ_WQX-105171,2007-04-03 09:22:00,Actual,Detected,4.02,mg/l,Actual,Detected,5,mg/l,Actual,Detected,0.15,ppt,Actual,Detected,7.49,ug/l,Actual,Detected,10,cfu/100 ml,Actual,Detected,7.22,ph,Actual,Detected,0.03,mg/l,Actual,Detected,12.28,Deg C.,Actual,Detected,12.8,mg/l
21DELAWQ_WQX-105171,2007-02-06 09:19:00,Actual,Detected,4.81,mg/l,Actual,Not Detected,1,mg/l,Actual,Detected,0.19,ppt,Actual,Detected,1.16,ug/l,Actual,Detected,10,cfu/100 ml,Actual,Detected,7.75,ph,Actual,Detected,0.03,mg/l,Actual,Detected,0.03,Deg C.,Actual,Detected,15.6,mg/l
21DELAWQ_WQX-105171,2007-11-05 09:40:00,Actual,Detected,4.51,mg/l,Estimated,Detected,4,mg/l,Actual,Detected,0.17,ppt,Actual,Detected,0.74,ug/l,Actual,Detected,67,cfu/100 ml,Actual,Detected,6.9,ph,Actual,Detected,0.09,mg/l,Actual,Detected,8.09,Deg C.,Actual,Detected,13.47,mg/l
21DELAWQ_WQX-105171,2007-01-08 09:44:00,Actual,Detected,4.51,mg/l,Actual,Detected,69,mg/l,Actual,Detected,0.13,ppt,Actual,Detected,23.8,ug/l,Actual,Present Above Quantification Limit,4840,cfu/100 ml,Actual,Detected,7.56,ph,Actual,Detected,0.25,mg/l,Actual,Detected,9.06,Deg C.,Actual,Detected,12.42,mg/l
21DELAWQ_WQX-105171,2007-05-01 09:18:00,Actual,Detected,3.33,mg/l,Estimated,Detected,4,mg/l,Actual,Detected,0.14,ppt,Actual,Detected,6.79,ug/l,Actual,Detected,43,cfu/100 ml,Actual,Detected,7.57,ph,Actual,Detected,0.02,mg/l,Actual,Detected,14.59,Deg C.,Actual,Detected,11.1,mg/l
21DELAWQ_WQX-105171,2007-07-09 09:49:00,Actual,Detected,3.37,mg/l,Actual,Detected,9,mg/l,Actual,Detected,0.15,ppt,Actual,Detected,3.35,ug/l,Actual,Detected,250,cfu/100 ml,Actual,Detected,7.18,ph,Actual,Detected,0.09,mg/l,Actual,Detected,22.99,Deg C.,Actual,Detected,8.2,mg/l
21DELAWQ_WQX-105171,2008-09-02 09:34:00,Actual,Detected,3.87,mg/l,Actual,Detected,7,mg/l,Actual,Detected,0.19,ppt,Actual,Detected,1.14,ug/l,Actual,Detected,77,cfu/100 ml,Actual,Detected,7.82,ph,Actual,Detected,0.13,mg/l,Actual,Detected,20.6,Deg C.,Actual,Detected,8.01,mg/l
21DELAWQ_WQX-105171,2008-05-06 09:29:00,Actual,Detected,3.58,mg/l,Actual,Detected,3,mg/l,Actual,Detected,0.15,ppt,Actual,Detected,4.26,ug/l,Actual,Detected,23,cfu/100 ml,Actual,Detected,7.91,ph,Actual,Detected,0.06,mg/l,Actual,Detected,15.13,Deg C.,Actual,Detected,9.63,mg/l
21DELAWQ_WQX-105171,2008-11-03 09:35:00,Actual,Detected,4.05,mg/l,Actual,Detected,9,mg/l,Actual,Detected,0.1,ppt,Actual,Detected,7.3,ug/l,Actual,Detected,50,cfu/100 ml,Actual,Detected,7.75,ph,Actual,Detected,0.07,mg/l,Actual,Detected,9.6,Deg C.,Actual,Detected,10.25,mg/l
21DELAWQ_WQX-105171,2008-02-05 09:32:00,Actual,Detected,4.49,mg/l,Actual,Detected,3,mg/l,Actual,Detected,0.16,ppt,Actual,Detected,2.61,ug/l,Actual,Detected,67,cfu/100 ml,Actual,Detected,7.24,ph,Actual,Detected,0.05,mg/l,Actual,Detected,5.78,Deg C.,Actual,Detected,12.35,mg/l
21DELAWQ_WQX-105171,2008-06-03 09:27:00,Actual,Detected,3.41,mg/l,Actual,Detected,8,mg/l,Actual,Detected,0.15,ppt,Actual,Detected,2.48,ug/l,Actual,Detected,57,cfu/100 ml,Actual,Detected,7.75,ph,Actual,Detected,0.07,mg/l,Actual,Detected,18.6,Deg C.,Actual,Detected,8.92,mg/l
21DELAWQ_WQX-105171,2008-03-03 09:37:00,Actual,Detected,4.22,mg/l,Actual,Detected,3,mg/l,Actual,Detected,0.16,ppt,Actual,Detected,2.17,ug/l,Actual,Detected,7,cfu/100 ml,Actual,Detected,7.74,ph,Actual,Detected,0.02,mg/l,Actual,Detected,4.01,Deg C.,Actual,Detected,13.63,mg/l
21DELAWQ_WQX-105171,2008-01-07 09:32:00,Actual,Detected,5.1,mg/l,Actual,Detected,2,mg/l,Actual,Detected,0.13,ppt,Actual,Detected,1.16,ug/l,Actual,Detected,10,cfu/100 ml,Actual,Detected,6.43,ph,Actual,Detected,0.02,mg/l,Actual,Detected,3.89,Deg C.,Actual,Detected,13.04,mg/l
21DELAWQ_WQX-105171,2008-08-05 09:43:00,Actual,Detected,3.35,mg/l,Actual,Detected,4,mg/l,Actual,Detected,0.18,ppt,Actual,Detected,2.35,ug/l,Actual,Detected,103,cfu/100 ml,Actual,Detected,7.87,ph,Actual,Detected,0.11,mg/l,Actual,Detected,22.78,Deg C.,Actual,Detected,7.45,mg/l
21DELAWQ_WQX-105171,2008-10-07 09:48:00,Actual,Detected,3.68,mg/l,Actual,Detected,3,mg/l,Actual,Detected,0.19,ppt,Actual,Detected,1.39,ug/l,Actual,Detected,73,cfu/100 ml,Actual,Detected,7.37,ph,Actual,Detected,0.05,mg/l,Actual,Detected,12.57,Deg C.,Actual,Detected,9.92,mg/l
21DELAWQ_WQX-105171,2008-12-01 09:47:00,Actual,Detected,4.28,mg/l,Actual,Detected,9,mg/l,Actual,Detected,0.19,ppt,Actual,Detected,6.61,ug/l,Actual,Detected,1730,cfu/100 ml,Actual,Detected,7.91,ph,Actual,Detected,0.13,mg/l,Actual,Detected,6.26,Deg C.,Actual,Detected,7.3,mg/l
21DELAWQ_WQX-105171,2008-04-01 09:38:00,Actual,Detected,4.27,mg/l,Estimated,Detected,1,mg/l,Actual,Detected,0.15,ppt,Actual,Detected,4.16,ug/l,Actual,Detected,7,cfu/100 ml,Actual,Detected,7.37,ph,Actual,Detected,0.02,mg/l,Actual,Detected,10.04,Deg C.,Actual,Detected,11.19,mg/l
21DELAWQ_WQX-105171,2008-07-01 09:41:00,Actual,Detected,3.05,mg/l,Actual,Detected,12,mg/l,Actual,Detected,0.16,ppt,Actual,Detected,4.06,ug/l,Actual,Detected,210,cfu/100 ml,Actual,Detected,7.64,ph,Actual,Detected,0.1,mg/l,Actual,Detected,22.21,Deg C.,Actual,Detected,8.02,mg/l
21DELAWQ_WQX-105171,2009-12-01 09:24:00,Actual,Detected,4.8,mg/l,Actual,Detected,6,mg/l,Actual,Detected,0.16,ppt,Actual,Detected,3.86,ug/l,Actual,Detected,110,cfu/100 ml,Actual,Detected,7.87,ph,Actual,Detected,0.05,mg/l,Actual,Detected,6.99,Deg C.,Actual,Detected,11.36,mg/l
21DELAWQ_WQX-105171,2009-05-04 09:25:00,Actual,Detected,3.65,mg/l,Actual,Detected,10,mg/l,Actual,Detected,0.14,ppt,Actual,Detected,11.4,ug/l,Actual,Present Above Quantification Limit,4840,cfu/100 ml,Actual,Detected,7.52,ph,Actual,Detected,0.11,mg/l,Actual,Detected,13.78,Deg C.,Actual,Detected,9.45,mg/l
21DELAWQ_WQX-105171,2009-08-03 09:06:00,Actual,Detected,2.9,mg/l,Actual,Detected,39,mg/l,Actual,Detected,0.12,ppt,Actual,Detected,7.81,ug/l,Actual,Present Above Quantification Limit,4840,cfu/100 ml,Actual,Detected,8.29,ph,Actual,Detected,0.31,mg/l,Actual,Detected,21.73,Deg C.,Actual,Detected,7.68,mg/l
21DELAWQ_WQX-105171,2009-11-02 09:27:00,Actual,Detected,4.33,mg/l,Actual,Detected,3,mg/l,Actual,Detected,0.15,ppt,Actual,Detected,0.61,ug/l,Actual,Detected,330,cfu/100 ml,Actual,Detected,7.72,ph,Actual,Detected,0.07,mg/l,Actual,Detected,12.14,Deg C.,Actual,Detected,12.57,mg/l
21DELAWQ_WQX-105171,2009-01-05 09:38:00,Actual,Detected,5.31,mg/l,Actual,Detected,2,mg/l,Actual,Detected,0.17,ppt,Actual,Detected,1.29,ug/l,Actual,Detected,20,cfu/100 ml,Actual,Detected,7.4,ph,Actual,Detected,0.04,mg/l,Actual,Detected,1.71,Deg C.,Actual,Detected,14.64,mg/l
21DELAWQ_WQX-105171,2009-04-06 09:25:00,Actual,Detected,4.58,mg/l,Actual,Detected,5,mg/l,Actual,Detected,0.16,ppt,Actual,Detected,4.24,ug/l,Actual,Detected,67,cfu/100 ml,Actual,Detected,7.75,ph,Actual,Not Detected,0.03,mg/l,Actual,Detected,11.94,Deg C.,Actual,Detected,10.25,mg/l
21DELAWQ_WQX-105171,2009-03-09 09:39:00,Actual,Detected,4.19,mg/l,Actual,Detected,2,mg/l,Actual,Detected,0.17,ppt,Actual,Detected,15.1,ug/l,Actual,Detected,17,cfu/100 ml,Actual,Detected,7.8,ph,Actual,Detected,0.03,mg/l,Actual,Detected,9.2,Deg C.,Actual,Detected,7.96,mg/l
21DELAWQ_WQX-105171,2009-10-05 09:40:00,Actual,Detected,4.29,mg/l,Actual,Detected,2,mg/l,Actual,Detected,0.17,ppt,Actual,Detected,2.1,ug/l,Actual,Detected,137,cfu/100 ml,Actual,Detected,7.78,ph,Actual,Detected,0.05,mg/l,Actual,Detected,14.06,Deg C.,Actual,Detected,9.49,mg/l
21DELAWQ_WQX-105171,2009-09-01 09:32:00,Actual,Detected,3.47,mg/l,Actual,Detected,9,mg/l,Actual,Detected,0.15,ppt,Actual,Detected,3.1,ug/l,Actual,Detected,410,cfu/100 ml,Actual,Detected,7.6,ph,Actual,Detected,0.15,mg/l,Actual,Detected,18.07,Deg C.,Actual,Detected,8.95,mg/l
21DELAWQ_WQX-105171,2009-07-06 09:16:00,Actual,Detected,3.82,mg/l,Actual,Detected,12,mg/l,Actual,Detected,0.16,ppt,Actual,Detected,0.39,ug/l,Actual,Detected,77,cfu/100 ml,Actual,Detected,7.94,ph,Actual,Detected,0.07,mg/l,Actual,Detected,20.04,Deg C.,Actual,Detected,9.12,mg/l
21DELAWQ_WQX-105171,2009-06-02 09:16:00,Actual,Detected,3.93,mg/l,Actual,Detected,7,mg/l,Actual,Detected,0.16,ppt,Actual,Detected,1.9,ug/l,Actual,Detected,77,cfu/100 ml,Actual,Detected,7.64,ph,Actual,Detected,0.09,mg/l,Actual,Detected,17.65,Deg C.,Actual,Detected,7.19,mg/l
21DELAWQ_WQX-105171,2003-05-05 00:00:00,Calculated,Detected,3.3,mg/l,NA,NA,NA,NA,NA,NA,NA,NA,NA,NA,NA,NA,NA,NA,NA,NA,NA,NA,NA,NA,NA,NA,NA,NA,NA,NA,NA,NA,NA,NA,NA,NA
21DELAWQ_WQX-105171,2003-06-04 00:00:00,Calculated,Detected,4.14,mg/l,NA,NA,NA,NA,NA,NA,NA,NA,NA,NA,NA,NA,NA,NA,NA,NA,NA,NA,NA,NA,NA,NA,NA,NA,NA,NA,NA,NA,NA,NA,NA,NA
21DELAWQ_WQX-105171,2003-08-18 00:00:00,Calculated,Detected,3.48,mg/l,NA,NA,NA,NA,NA,NA,NA,NA,NA,NA,NA,NA,NA,NA,NA,NA,NA,NA,NA,NA,NA,NA,NA,NA,NA,NA,NA,NA,NA,NA,NA,NA
21DELAWQ_WQX-105171,2003-11-03 00:00:00,Calculated,Detected,4.72,mg/l,NA,NA,NA,NA,NA,NA,NA,NA,NA,NA,NA,NA,NA,NA,NA,NA,NA,NA,NA,NA,NA,NA,NA,NA,NA,NA,NA,NA,NA,NA,NA,NA
21DELAWQ_WQX-105171,2004-04-05 00:00:00,Calculated,Detected,3.52,mg/l,NA,NA,NA,NA,NA,NA,NA,NA,NA,NA,NA,NA,NA,NA,NA,NA,NA,NA,NA,NA,NA,NA,NA,NA,NA,NA,NA,NA,NA,NA,NA,NA
21DELAWQ_WQX-105171,2004-06-29 00:00:00,Calculated,Detected,4.41,mg/l,NA,NA,NA,NA,NA,NA,NA,NA,NA,NA,NA,NA,NA,NA,NA,NA,NA,NA,NA,NA,NA,NA,NA,NA,NA,NA,NA,NA,NA,NA,NA,NA
21DELAWQ_WQX-105171,2004-10-05 00:00:00,Calculated,Detected,5.34,mg/l,NA,NA,NA,NA,NA,NA,NA,NA,NA,NA,NA,NA,NA,NA,NA,NA,NA,NA,NA,NA,NA,NA,NA,NA,NA,NA,NA,NA,NA,NA,NA,NA
21DELAWQ_WQX-105171,2004-11-29 00:00:00,Calculated,Detected,3.63,mg/l,NA,NA,NA,NA,NA,NA,NA,NA,NA,NA,NA,NA,NA,NA,NA,NA,NA,NA,NA,NA,NA,NA,NA,NA,NA,NA,NA,NA,NA,NA,NA,NA
21DELAWQ_WQX-105171,2022-12-06 09:36:00,Actual,Detected,3.37,mg/l,Actual,Not Detected,0.65,mg/l,Actual,Detected,0.17,ppt,Actual,Detected,2.14,ug/l,Actual,Detected,89,cfu/100 ml,Actual,Detected,7.46,ph,Actual,Detected,0.03,mg/l,Actual,Detected,4.51,Deg C.,Actual,Detected,13.76,mg/l
21DELAWQ_WQX-105171,2022-10-04 09:53:00,Actual,Detected,2.3,mg/l,Actual,Detected,9.5,mg/l,Actual,Detected,0.11,ppt,Actual,Detected,4.77,ug/l,Actual,Present Above Quantification Limit,4840,cfu/100 ml,Actual,Detected,7.42,ph,Actual,Detected,0.15,mg/l,Actual,Detected,11.46,Deg C.,Actual,Detected,11.08,mg/l
21DELAWQ_WQX-105171,2023-11-01 08:58:00,Actual,Detected,2.65,mg/l,Actual,Not Detected,0.5,mg/l,Actual,Detected,0.21,ppt,Actual,Detected,4.02,ug/l,Actual,Detected,60,cfu/100 ml,Actual,Detected,7.59,ph,Actual,Detected,0.02,mg/l,Actual,Detected,10.38,Deg C.,Actual,Detected,9.27,mg/l
21DELAWQ_WQX-105171,2023-07-05 09:48:00,Actual,Detected,2.59,mg/l,Actual,Detected,11,mg/l,Actual,Detected,0.13,ppt,Actual,Detected,2.36,ug/l,Actual,Detected,731,cfu/100 ml,Actual,Detected,7.4,ph,Actual,Detected,0.13,mg/l,Actual,Detected,24.23,Deg C.,Actual,Detected,8.02,mg/l
21DELAWQ_WQX-105171,2023-08-01 09:38:00,Actual,Detected,2.09,mg/l,Estimated,Present Below Quantification Limit,1.1,mg/l,Actual,Detected,0.16,ppt,Actual,Detected,1.52,ug/l,Actual,Detected,126,cfu/100 ml,Actual,Detected,7.2,ph,Actual,Detected,0.05,mg/l,Actual,Detected,22.82,Deg C.,Actual,Detected,7.8,mg/l
21DELAWQ_WQX-105171,2023-09-05 09:48:00,Actual,Detected,2.94,mg/l,Actual,Detected,3.3,mg/l,Actual,Detected,0.2,ppt,Actual,Detected,0.96,ug/l,Actual,Detected,125,cfu/100 ml,Actual,Detected,7.46,ph,Actual,Detected,0.06,mg/l,Actual,Detected,24.28,Deg C.,Actual,Detected,7.69,mg/l
21DELAWQ_WQX-105171,2023-12-04 09:38:00,Actual,Detected,3.34,mg/l,Actual,Not Detected,1,mg/l,Actual,Detected,0.17,ppt,Actual,Detected,1.13,ug/l,Actual,Detected,545,cfu/100 ml,Actual,Detected,7.46,ph,Actual,Detected,0.05,mg/l,Actual,Detected,8.03,Deg C.,Actual,Detected,11.18,mg/l
21DELAWQ_WQX-105171,2024-01-09 09:03:00,Actual,Detected,3.43,mg/l,Actual,Detected,2.5,mg/l,Actual,Detected,0.15,ppt,Actual,Detected,3.46,ug/l,Actual,Detected,977,cfu/100 ml,Actual,Detected,7.26,ph,Actual,Detected,0.07,mg/l,Actual,Detected,3.7,Deg C.,Actual,Detected,13.11,mg/l
21DELAWQ_WQX-105171,2024-02-06 09:07:00,Actual,Detected,4.49,mg/l,Actual,Not Detected,0.65,mg/l,Actual,Detected,0.18,ppt,Actual,Detected,0.9,ug/l,Actual,Detected,32,cfu/100 ml,Actual,Detected,7.08,ph,Actual,Detected,0.03,mg/l,Actual,Detected,3.43,Deg C.,Actual,Detected,13.43,mg/l
21DELAWQ_WQX-105171,2022-08-02 09:49:00,Actual,Detected,3.26,mg/l,Estimated,Present Below Quantification Limit,1.5,mg/l,Actual,Detected,0.18,ppt,Actual,Detected,2.05,ug/l,Actual,Detected,449,cfu/100 ml,Actual,Detected,7.67,ph,Actual,Detected,0.05,mg/l,Actual,Detected,24.04,Deg C.,Actual,Detected,8.11,mg/l
21DELAWQ_WQX-105171,2023-02-01 10:13:00,Actual,Detected,4.78,mg/l,Estimated,Present Below Quantification Limit,1.9,mg/l,Actual,Detected,0.18,ppt,Actual,Detected,4.31,ug/l,Actual,Detected,15,cfu/100 ml,Actual,Detected,7.63,ph,Actual,Detected,0.03,mg/l,Actual,Detected,4.54,Deg C.,Actual,Detected,13.11,mg/l
21DELAWQ_WQX-105171,2023-04-04 09:34:00,Actual,Detected,3.15,mg/l,Estimated,Present Below Quantification Limit,1.4,mg/l,Actual,Detected,0.16,ppt,Actual,Detected,4.93,ug/l,Actual,Detected,31,cfu/100 ml,Actual,Detected,7.76,ph,Actual,Detected,0.02,mg/l,Actual,Detected,12.93,Deg C.,Actual,Detected,10.84,mg/l
21DELAWQ_WQX-105171,2023-06-06 09:20:00,Actual,Detected,3.36,mg/l,Estimated,Present Below Quantification Limit,1.5,mg/l,Actual,Detected,0.18,ppt,Actual,Detected,1.4,ug/l,Actual,Detected,72,cfu/100 ml,Actual,Detected,7.61,ph,Actual,Detected,0.05,mg/l,Actual,Detected,18.37,Deg C.,Actual,Detected,8.85,mg/l
21DELAWQ_WQX-105171,2023-10-03 09:02:00,Actual,Detected,3.61,mg/l,Actual,Detected,4,mg/l,Actual,Detected,0.2,ppt,Actual,Detected,1.48,ug/l,Actual,Detected,120,cfu/100 ml,Actual,Detected,7.59,ph,Actual,Detected,0.06,mg/l,Actual,Detected,18.34,Deg C.,Actual,Detected,8.85,mg/l
